-- phpMyAdmin SQL Dump
-- version 4.0.10deb1ubuntu0.1
-- http://www.phpmyadmin.net
--
-- Host: localhost
-- Generation Time: Nov 06, 2021 at 12:50 PM
-- Server version: 5.5.62-0ubuntu0.14.04.1
-- PHP Version: 5.5.9-1ubuntu4.29

SET SQL_MODE = "NO_AUTO_VALUE_ON_ZERO";
SET time_zone = "+00:00";


/*!40101 SET @OLD_CHARACTER_SET_CLIENT=@@CHARACTER_SET_CLIENT */;
/*!40101 SET @OLD_CHARACTER_SET_RESULTS=@@CHARACTER_SET_RESULTS */;
/*!40101 SET @OLD_COLLATION_CONNECTION=@@COLLATION_CONNECTION */;
/*!40101 SET NAMES utf8 */;

--
-- Database: `f32ee`
--

-- --------------------------------------------------------

--
-- Table structure for table `Cinema`
--

CREATE TABLE IF NOT EXISTS `Cinema` (
  `Id` int(40) NOT NULL AUTO_INCREMENT,
  `Cinema` varchar(40) NOT NULL,
  PRIMARY KEY (`Id`)
) ENGINE=InnoDB  DEFAULT CHARSET=latin1 AUTO_INCREMENT=2 ;

--
-- Dumping data for table `Cinema`
--

INSERT INTO `Cinema` (`Id`, `Cinema`) VALUES
(1, 'Nex');

-- --------------------------------------------------------

--
-- Table structure for table `Movies`
--

CREATE TABLE IF NOT EXISTS `Movies` (
  `Id` int(11) NOT NULL,
  `MovieName` varchar(1000) NOT NULL,
  `Image` varchar(1000) NOT NULL,
  `Cast` varchar(1000) NOT NULL,
  `Director` varchar(100) NOT NULL,
  `Genre` varchar(100) NOT NULL,
  `Synopsis` varchar(10000) NOT NULL,
  UNIQUE KEY `Id` (`Id`)
) ENGINE=InnoDB DEFAULT CHARSET=latin1;

--
-- Dumping data for table `Movies`
--

INSERT INTO `Movies` (`Id`, `MovieName`, `Image`, `Cast`, `Director`, `Genre`, `Synopsis`) VALUES
(1, 'Boss Baby', 'BossBaby', 'Alec Baldwin, Jeff Goldblum, Ariana Greenblatt, Jimmy Kimmel, Lisa Kudrow, Eva Longoria, James Marsden, Amy Sedaris', 'Tom McGrath', 'Animation', 'In the sequel to DreamWorks Animation''s Oscar-nominated blockbuster comedy, the Templeton brothers, Tim (James Marsden, X-Men franchise) and his Boss Baby little bro Ted (Alec Baldwin) have become adults and drifted away from each other. Tim is now a married stay-at-home dad. Ted is a hedge fund CEO. But a new boss baby with a cutting-edge approach and a can do attitude is about to bring them together again... and inspire a new family business.'),
(2, 'Sinkhole', 'Sinkhole', 'CHA Seung-won, LEE Kwang-soo, KIM Sung-kyun, KIM Hye-jun', 'KIM Ji-hoon', 'Comedy/ Disaster', 'A HOUSE EARNED AFTER 11 YEARS OF EFFORT FALLS DEEP INTO THE GROUND IN A MINUTE.\r\n\r\nAn average citizen Dong-won (KIM Sung-kyun) and his family move into a house bought after years of hard work. Filled with happiness, he invites his colleagues (LEE Kwang-soo) for a housewarming party, but the heavy rain during the night before creates a gigantic sinkhole, and in a mere minute, it swallows up the whole house and the people inside. Hundreds of meters down the hole, Dong-won, his neighbour Man-su (CHA Seung-won), and the unfortunate guests must find their way out. Rain starts to pour down, filling the sinkhole with water, and they are running out of time.'),
(3, 'CandyMan', 'Candyman', 'Yahya Abdul-Mateen II, Teyonah Parris, Nathan Stewart-Jarrett, Colman Domingo', 'Nia DaCosta', 'Horror/ Thriller', 'For as long as residents can remember, the housing projects of Chicago''s Cabrini Green neighborhood were terrorized by a word-of-mouth ghost story about a supernatural killer with a hook for a hand, easily summoned by those daring to repeat his name five times into a mirror. In present day, a decade after the last of the Cabrini towers were torn down, visual artist Anthony McCoy and his girlfriend, gallery director Brianna Cartwright, move into a luxury loft condo in Cabrini, now gentrified beyond recognition and inhabited by upwardly mobile millennials. With Anthony''s painting career on the brink of stalling, a chance encounter with a Cabrini Green old-timer exposes Anthony to the tragically horrific nature of the true story behind Candyman. Anxious to maintain his status in the Chicago art world, Anthony begins to explore these macabre details in his studio as fresh grist for paintings, unknowingly opening a door to a complex past that unravels his own sanity and unleashes a terrifyingly viral wave of violence that puts him on a collision course with destiny.'),
(4, 'The Cursed', 'TheCursed', 'Uhm Ji Won, Jeong Ji So, Jeong Moon Sung, Kim In Kwon, Ko Kyu Pil', 'Kim Yong Wan', 'Action/ Horror/ Mystery/ Thriller', 'From Yeon Sang Ho, Director of Train to Busan. Based on highly acclaimed popular Korean drama series, The Cursed, which was praised as the most authentic Korean occult thriller ever seen. Get ready for an expanded universe of ancient black magic and exorcism where Korean zombie "Jaechaui" comes to life in a story of horror and action. The body of a murder suspect is discovered next to the victim at the crime scene, but it turns out to be a corpse that has been dead for three months, throwing the police investigation into disarray. Meanwhile, an investigative journalist, LIM Jin-hee, receives a call from a listener while appearing on a radio show. The caller claims to be the culprit behind the mysterious murder, and requests Jin-hee to interview him live on camera. With the police on standby and the excited public turning in, the man appears for the interview as promised. He warns of three more murders to come, which will be carried out by... revived corpses. On the day of the first forewarned murder, an army of walking dead appears and catches the police off guard with an all-out attack. Who is behind it all, and for what reason?'),
(5, 'Escape Room 2', 'EscapeRoom', 'Taylor Russell, Logan Miller, Indya Moore, Holland Roden', 'Adam Robitel', 'Horror/ Suspense', 'Escape Room: Tournament of Champions is the sequel to the box office hit psychological thriller that terrified audiences around the world. In this installment, six people unwittingly find themselves locked in another series of escape rooms, slowly uncovering what they have in common to survive... and discovering they''ve all played the game before.'),
(6, 'Marvel Studios Shang-Chi and the Legend of the Ten Rings', 'ShangChi', 'Simu Liu, Tony Leung, Awkwafina, Michelle Yeoh, Fala Chen, Menger Zhang, Florian Munteanu, Ronny Chieng', 'Destin Daniel Cretton', 'Action/ Adventure', 'Marvel Studios'' "Shang-Chi and The Legend of The Ten Rings" stars Simu Liu as Shang-Chi, who must confront the past he thought he left behind when he is drawn into the web of the mysterious Ten Rings organization. The film also stars Tony Leung as Wenwu, Awkwafina as Shang-Chi''s friend Katy and Michelle Yeoh as Jiang Nan, as well as Fala Chen, Meng''er Zhang, Florian Munteanu and Ronny Chieng.'),
(7, 'Black Widow', 'BlackWidow', 'Scarlett Johansson, Florence Pugh, David Harbour, Rachel Weisz', 'Cate Shortland', 'Action/ Adventure', 'Scarlett Johansson reprises her role as Natasha/Black Widow in Marvel Studios'' action-packed spy thriller Black Widow- the first film in Phase Four of the Marvel Cinematic Universe. Florence Pugh stars as Yelena, David Harbour as Alexei aka The Red Guardian and Rachel Weisz as Melina. Directed by Cate Shortland and produced by Kevin Feige.'),
(8, 'Dune', 'Dune', 'Timothee Chalamet, Rebecca Ferguson, Oscar Isaac, Josh Brolin, Stellan Skarsgard, Dave Bautista', 'Denis Villeneuve', 'Adventure/ Sci-Fi', 'A mythic and emotionally charged hero''s journey, "Dune" tells the story of Paul Atreides, a brilliant and gifted young man born into a great destiny beyond his understanding, who must travel to the most dangerous planet in the universe to ensure the future of his family and his people. As malevolent forces explode into conflict over the planet''s exclusive supply of the most precious resource in existence-a commodity capable of unlocking humanity''s greatest potential-only those who can conquer their fear will survive.'),
(9, 'My Little Pony', 'MyLittlePony', 'Vanessa Hudgens, Kimiko Glenn, James Marsden, Sofia Carson, Liza Koshy. Ken Jeong, Elizabeth Perkins, Jane Krakowski, hil LaMarr, Michael McKean', 'Robert Cullen, Jose L. Ucha, Mark Fattibene', 'Animation/ Comedy', 'The unimaginable has happened...Equestria has lost its magic! Earth Ponies, Unicorns, and Pegasi are no longer friends and now live separated by species. But idealistic Earth Pony Sunny (Vanessa Hudgens) is determined to find a way to bring enchantment and unity back to their world. Teaming up with open-hearted Unicorn Izzy (Kimiko Glenn), the pair travel to faraway lands where they encounter the likes of charismatic and brave Pegasi Pipp (Sofia Carson) and Zipp (Liza Koshy) and the ever-responsible fellow Earth Pony Hitch (James Marsden). Their mission is full of misadventures, but these new best friends each possess their own unique and special gifts that may be just what this ponyverse needs to restore magic and prove that even little ponies can make a big difference.'),
(10, 'No Time To Die', 'NoTimeToDie', 'Daniel Craig, Rami Malek, Lea Seydoux, Lashana Lynch, Ben Whishaw, Naomie Harris', 'Cary Joji Fukunaga', 'Action/ Adventure', 'In No Time To Die, Bond has left active service and is enjoying a tranquil life in Jamaica. His peace is short-lived when his old friend Felix Leiter from the CIA turns up asking for help. The mission to rescue a kidnapped scientist turns out to be far more treacherous than expected, leading Bond onto the trail of a mysterious villain armed with dangerous new technology.');

-- --------------------------------------------------------

--
-- Table structure for table `MyBookings`
--

CREATE TABLE IF NOT EXISTS `MyBookings` (
  `Id` int(40) NOT NULL AUTO_INCREMENT,
  `Name` varchar(40) NOT NULL,
  `UserId` varchar(40) NOT NULL,
  `SeatId` varchar(40) NOT NULL,
  `Seats` varchar(40) NOT NULL,
  `Date` varchar(40) NOT NULL,
  `Time` varchar(40) NOT NULL,
  `MovieName` varchar(40) NOT NULL,
  `Cinema` varchar(40) NOT NULL,
  PRIMARY KEY (`Id`)
) ENGINE=InnoDB  DEFAULT CHARSET=latin1 AUTO_INCREMENT=57 ;

--
-- Dumping data for table `MyBookings`
--

INSERT INTO `MyBookings` (`Id`, `Name`, `UserId`, `SeatId`, `Seats`, `Date`, `Time`, `MovieName`, `Cinema`) VALUES
(54, 'Wei Ren Lee', '16', '1153,1154', 'D3,D4', '3 Nov 2021', '1.00pm', 'The Cursed', 'Nex'),
(55, 'Wei Ren', '20', '1225,1226', 'C5,C6', '1 Nov 2021', '6.00pm', 'Boss Baby', 'Nex');

-- --------------------------------------------------------

--
-- Table structure for table `Photo`
--

CREATE TABLE IF NOT EXISTS `Photo` (
  `Id` int(11) NOT NULL AUTO_INCREMENT,
  `PhotoUrl` text NOT NULL,
  `MovieDetailId` int(11) NOT NULL,
  PRIMARY KEY (`Id`),
  KEY `MovieDetailId` (`MovieDetailId`)
) ENGINE=InnoDB  DEFAULT CHARSET=latin1 AUTO_INCREMENT=11 ;

--
-- Dumping data for table `Photo`
--

INSERT INTO `Photo` (`Id`, `PhotoUrl`, `MovieDetailId`) VALUES
(1, 'ShangChi', 6),
(2, 'BlackWidow', 7),
(3, 'Candyman', 3),
(4, 'BossBaby', 1),
(5, 'NoTimeToDie', 10),
(6, 'Dune', 8),
(7, 'EscapeRoom', 5),
(8, 'MyLittlePony', 9),
(9, 'Sinkhole', 2),
(10, 'TheCursed', 4);

-- --------------------------------------------------------

--
-- Table structure for table `Seats`
--

CREATE TABLE IF NOT EXISTS `Seats` (
  `Id` int(40) NOT NULL AUTO_INCREMENT,
  `Rows` varchar(40) NOT NULL,
  `Columns` int(40) NOT NULL,
  `States` varchar(40) NOT NULL,
  `LocationId` int(40) NOT NULL,
  `MovieId` int(40) NOT NULL,
  `SessionId` int(40) NOT NULL,
  PRIMARY KEY (`Id`)
) ENGINE=InnoDB  DEFAULT CHARSET=latin1 AUTO_INCREMENT=1801 ;

--
-- Dumping data for table `Seats`
--

INSERT INTO `Seats` (`Id`, `Rows`, `Columns`, `States`, `LocationId`, `MovieId`, `SessionId`) VALUES
(1, 'A', 1, 'Occupied', 1, 1, 1),
(2, 'A', 2, 'Occupied', 1, 1, 1),
(3, 'A', 3, 'Covid', 1, 1, 1),
(4, 'A', 4, 'Covid', 1, 1, 1),
(5, 'A', 5, 'Occupied', 1, 1, 1),
(6, 'A', 6, 'Occupied', 1, 1, 1),
(7, 'A', 7, 'Covid', 1, 1, 1),
(8, 'A', 8, 'Covid', 1, 1, 1),
(9, 'A', 9, 'Occupied', 1, 1, 1),
(10, 'A', 10, 'Available', 1, 1, 1),
(11, 'B', 1, 'Covid', 1, 1, 1),
(12, 'B', 2, 'Covid', 1, 1, 1),
(13, 'B', 3, 'Available', 1, 1, 1),
(14, 'B', 4, 'Available', 1, 1, 1),
(15, 'B', 5, 'Covid', 1, 1, 1),
(16, 'B', 6, 'Covid', 1, 1, 1),
(17, 'B', 7, 'Available', 1, 1, 1),
(18, 'B', 8, 'Available', 1, 1, 1),
(19, 'B', 9, 'Covid', 1, 1, 1),
(20, 'B', 10, 'Covid', 1, 1, 1),
(21, 'C', 1, 'Available', 1, 1, 1),
(22, 'C', 2, 'Available', 1, 1, 1),
(23, 'C', 3, 'Covid', 1, 1, 1),
(24, 'C', 4, 'Covid', 1, 1, 1),
(25, 'C', 5, 'Available', 1, 1, 1),
(26, 'C', 6, 'Available', 1, 1, 1),
(27, 'C', 7, 'Covid', 1, 1, 1),
(28, 'C', 8, 'Covid', 1, 1, 1),
(29, 'C', 9, 'Available', 1, 1, 1),
(30, 'C', 10, 'Available', 1, 1, 1),
(31, 'D', 1, 'Covid', 1, 1, 1),
(32, 'D', 2, 'Covid', 1, 1, 1),
(33, 'D', 3, 'Occupied', 1, 1, 1),
(34, 'D', 4, 'Occupied', 1, 1, 1),
(35, 'D', 5, 'Covid', 1, 1, 1),
(36, 'D', 6, 'Covid', 1, 1, 1),
(37, 'D', 7, 'Occupied', 1, 1, 1),
(38, 'D', 8, 'Occupied', 1, 1, 1),
(39, 'D', 9, 'Covid', 1, 1, 1),
(40, 'D', 10, 'Covid', 1, 1, 1),
(41, 'A', 1, 'Available', 1, 2, 1),
(42, 'A', 2, 'Available', 1, 2, 1),
(43, 'A', 3, 'Covid', 1, 2, 1),
(44, 'A', 4, 'Covid', 1, 2, 1),
(45, 'A', 5, 'Available', 1, 2, 1),
(46, 'A', 6, 'Available', 1, 2, 1),
(47, 'A', 7, 'Covid', 1, 2, 1),
(48, 'A', 8, 'Covid', 1, 2, 1),
(49, 'A', 9, 'Available', 1, 2, 1),
(50, 'A', 10, 'Available', 1, 2, 1),
(51, 'B', 1, 'Covid', 1, 2, 1),
(52, 'B', 2, 'Covid', 1, 2, 1),
(53, 'B', 3, 'Available', 1, 2, 1),
(54, 'B', 4, 'Available', 1, 2, 1),
(55, 'B', 5, 'Covid', 1, 2, 1),
(56, 'B', 6, 'Covid', 1, 2, 1),
(57, 'B', 7, 'Available', 1, 2, 1),
(58, 'B', 8, 'Available', 1, 2, 1),
(59, 'B', 9, 'Covid', 1, 2, 1),
(60, 'B', 10, 'Covid', 1, 2, 1),
(61, 'C', 1, 'Available', 1, 2, 1),
(62, 'C', 2, 'Available', 1, 2, 1),
(63, 'C', 3, 'Covid', 1, 2, 1),
(64, 'C', 4, 'Covid', 1, 2, 1),
(65, 'C', 5, 'Available', 1, 2, 1),
(66, 'C', 6, 'Available', 1, 2, 1),
(67, 'C', 7, 'Covid', 1, 2, 1),
(68, 'C', 8, 'Covid', 1, 2, 1),
(69, 'C', 9, 'Available', 1, 2, 1),
(70, 'C', 10, 'Available', 1, 2, 1),
(71, 'D', 1, 'Covid', 1, 2, 1),
(72, 'D', 2, 'Covid', 1, 2, 1),
(73, 'D', 3, 'Available', 1, 2, 1),
(74, 'D', 4, 'Available', 1, 2, 1),
(75, 'D', 5, 'Covid', 1, 2, 1),
(76, 'D', 6, 'Covid', 1, 2, 1),
(77, 'D', 7, 'Available', 1, 2, 1),
(78, 'D', 8, 'Available', 1, 2, 1),
(79, 'D', 9, 'Covid', 1, 2, 1),
(80, 'D', 10, 'Covid', 1, 2, 1),
(81, 'A', 1, 'Available', 1, 3, 1),
(82, 'A', 2, 'Available', 1, 3, 1),
(83, 'A', 3, 'Covid', 1, 3, 1),
(84, 'A', 4, 'Covid', 1, 3, 1),
(85, 'A', 5, 'Available', 1, 3, 1),
(86, 'A', 6, 'Available', 1, 3, 1),
(87, 'A', 7, 'Covid', 1, 3, 1),
(88, 'A', 8, 'Covid', 1, 3, 1),
(89, 'A', 9, 'Available', 1, 3, 1),
(90, 'A', 10, 'Available', 1, 3, 1),
(91, 'B', 1, 'Covid', 1, 3, 1),
(92, 'B', 2, 'Covid', 1, 3, 1),
(93, 'B', 3, 'Available', 1, 3, 1),
(94, 'B', 4, 'Available', 1, 3, 1),
(95, 'B', 5, 'Covid', 1, 3, 1),
(96, 'B', 6, 'Covid', 1, 3, 1),
(97, 'B', 7, 'Available', 1, 3, 1),
(98, 'B', 8, 'Available', 1, 3, 1),
(99, 'B', 9, 'Covid', 1, 3, 1),
(100, 'B', 10, 'Covid', 1, 3, 1),
(101, 'C', 1, 'Available', 1, 3, 1),
(102, 'C', 2, 'Available', 1, 3, 1),
(103, 'C', 3, 'Covid', 1, 3, 1),
(104, 'C', 4, 'Covid', 1, 3, 1),
(105, 'C', 5, 'Available', 1, 3, 1),
(106, 'C', 6, 'Available', 1, 3, 1),
(107, 'C', 7, 'Covid', 1, 3, 1),
(108, 'C', 8, 'Covid', 1, 3, 1),
(109, 'C', 9, 'Available', 1, 3, 1),
(110, 'C', 10, 'Available', 1, 3, 1),
(111, 'D', 1, 'Covid', 1, 3, 1),
(112, 'D', 2, 'Covid', 1, 3, 1),
(113, 'D', 3, 'Available', 1, 3, 1),
(114, 'D', 4, 'Available', 1, 3, 1),
(115, 'D', 5, 'Covid', 1, 3, 1),
(116, 'D', 6, 'Covid', 1, 3, 1),
(117, 'D', 7, 'Available', 1, 3, 1),
(118, 'D', 8, 'Available', 1, 3, 1),
(119, 'D', 9, 'Covid', 1, 3, 1),
(120, 'D', 10, 'Covid', 1, 3, 1),
(121, 'A', 1, 'Available', 1, 4, 1),
(122, 'A', 2, 'Available', 1, 4, 1),
(123, 'A', 3, 'Covid', 1, 4, 1),
(124, 'A', 4, 'Covid', 1, 4, 1),
(125, 'A', 5, 'Available', 1, 4, 1),
(126, 'A', 6, 'Available', 1, 4, 1),
(127, 'A', 7, 'Covid', 1, 4, 1),
(128, 'A', 8, 'Covid', 1, 4, 1),
(129, 'A', 9, 'Available', 1, 4, 1),
(130, 'A', 10, 'Available', 1, 4, 1),
(131, 'B', 1, 'Covid', 1, 4, 1),
(132, 'B', 2, 'Covid', 1, 4, 1),
(133, 'B', 3, 'Available', 1, 4, 1),
(134, 'B', 4, 'Available', 1, 4, 1),
(135, 'B', 5, 'Covid', 1, 4, 1),
(136, 'B', 6, 'Covid', 1, 4, 1),
(137, 'B', 7, 'Available', 1, 4, 1),
(138, 'B', 8, 'Available', 1, 4, 1),
(139, 'B', 9, 'Covid', 1, 4, 1),
(140, 'B', 10, 'Covid', 1, 4, 1),
(141, 'C', 1, 'Available', 1, 4, 1),
(142, 'C', 2, 'Available', 1, 4, 1),
(143, 'C', 3, 'Covid', 1, 4, 1),
(144, 'C', 4, 'Covid', 1, 4, 1),
(145, 'C', 5, 'Available', 1, 4, 1),
(146, 'C', 6, 'Available', 1, 4, 1),
(147, 'C', 7, 'Covid', 1, 4, 1),
(148, 'C', 8, 'Covid', 1, 4, 1),
(149, 'C', 9, 'Available', 1, 4, 1),
(150, 'C', 10, 'Available', 1, 4, 1),
(151, 'D', 1, 'Covid', 1, 4, 1),
(152, 'D', 2, 'Covid', 1, 4, 1),
(153, 'D', 3, 'Occupied', 1, 4, 1),
(154, 'D', 4, 'Occupied', 1, 4, 1),
(155, 'D', 5, 'Covid', 1, 4, 1),
(156, 'D', 6, 'Covid', 1, 4, 1),
(157, 'D', 7, 'Available', 1, 4, 1),
(158, 'D', 8, 'Available', 1, 4, 1),
(159, 'D', 9, 'Covid', 1, 4, 1),
(160, 'D', 10, 'Covid', 1, 4, 1),
(161, 'A', 1, 'Available', 1, 5, 1),
(162, 'A', 2, 'Available', 1, 5, 1),
(163, 'A', 3, 'Covid', 1, 5, 1),
(164, 'A', 4, 'Covid', 1, 5, 1),
(165, 'A', 5, 'Available', 1, 5, 1),
(166, 'A', 6, 'Available', 1, 5, 1),
(167, 'A', 7, 'Covid', 1, 5, 1),
(168, 'A', 8, 'Covid', 1, 5, 1),
(169, 'A', 9, 'Available', 1, 5, 1),
(170, 'A', 10, 'Available', 1, 5, 1),
(171, 'B', 1, 'Covid', 1, 5, 1),
(172, 'B', 2, 'Covid', 1, 5, 1),
(173, 'B', 3, 'Available', 1, 5, 1),
(174, 'B', 4, 'Available', 1, 5, 1),
(175, 'B', 5, 'Covid', 1, 5, 1),
(176, 'B', 6, 'Covid', 1, 5, 1),
(177, 'B', 7, 'Available', 1, 5, 1),
(178, 'B', 8, 'Available', 1, 5, 1),
(179, 'B', 9, 'Covid', 1, 5, 1),
(180, 'B', 10, 'Covid', 1, 5, 1),
(181, 'C', 1, 'Available', 1, 5, 1),
(182, 'C', 2, 'Available', 1, 5, 1),
(183, 'C', 3, 'Covid', 1, 5, 1),
(184, 'C', 4, 'Covid', 1, 5, 1),
(185, 'C', 5, 'Available', 1, 5, 1),
(186, 'C', 6, 'Available', 1, 5, 1),
(187, 'C', 7, 'Covid', 1, 5, 1),
(188, 'C', 8, 'Covid', 1, 5, 1),
(189, 'C', 9, 'Available', 1, 5, 1),
(190, 'C', 10, 'Available', 1, 5, 1),
(191, 'D', 1, 'Covid', 1, 5, 1),
(192, 'D', 2, 'Covid', 1, 5, 1),
(193, 'D', 3, 'Available', 1, 5, 1),
(194, 'D', 4, 'Available', 1, 5, 1),
(195, 'D', 5, 'Covid', 1, 5, 1),
(196, 'D', 6, 'Covid', 1, 5, 1),
(197, 'D', 7, 'Available', 1, 5, 1),
(198, 'D', 8, 'Available', 1, 5, 1),
(199, 'D', 9, 'Covid', 1, 5, 1),
(200, 'D', 10, 'Covid', 1, 5, 1),
(201, 'A', 1, 'Available', 1, 1, 4),
(202, 'A', 2, 'Available', 1, 1, 4),
(203, 'A', 3, 'Covid', 1, 1, 4),
(204, 'A', 4, 'Covid', 1, 1, 4),
(205, 'A', 5, 'Available', 1, 1, 4),
(206, 'A', 6, 'Available', 1, 1, 4),
(207, 'A', 7, 'Covid', 1, 1, 4),
(208, 'A', 8, 'Covid', 1, 1, 4),
(209, 'A', 9, 'Available', 1, 1, 4),
(210, 'A', 10, 'Available', 1, 1, 4),
(211, 'B', 1, 'Covid', 1, 1, 4),
(212, 'B', 2, 'Covid', 1, 1, 4),
(213, 'B', 3, 'Available', 1, 1, 4),
(214, 'B', 4, 'Available', 1, 1, 4),
(215, 'B', 5, 'Covid', 1, 1, 4),
(216, 'B', 6, 'Covid', 1, 1, 4),
(217, 'B', 7, 'Available', 1, 1, 4),
(218, 'B', 8, 'Available', 1, 1, 4),
(219, 'B', 9, 'Covid', 1, 1, 4),
(220, 'B', 10, 'Covid', 1, 1, 4),
(221, 'C', 1, 'Available', 1, 1, 4),
(222, 'C', 2, 'Available', 1, 1, 4),
(223, 'C', 3, 'Covid', 1, 1, 4),
(224, 'C', 4, 'Covid', 1, 1, 4),
(225, 'C', 5, 'Available', 1, 1, 4),
(226, 'C', 6, 'Available', 1, 1, 4),
(227, 'C', 7, 'Covid', 1, 1, 4),
(228, 'C', 8, 'Covid', 1, 1, 4),
(229, 'C', 9, 'Available', 1, 1, 4),
(230, 'C', 10, 'Available', 1, 1, 4),
(231, 'D', 1, 'Covid', 1, 1, 4),
(232, 'D', 2, 'Covid', 1, 1, 4),
(233, 'D', 3, 'Available', 1, 1, 4),
(234, 'D', 4, 'Available', 1, 1, 4),
(235, 'D', 5, 'Covid', 1, 1, 4),
(236, 'D', 6, 'Covid', 1, 1, 4),
(237, 'D', 7, 'Available', 1, 1, 4),
(238, 'D', 8, 'Available', 1, 1, 4),
(239, 'D', 9, 'Covid', 1, 1, 4),
(240, 'D', 10, 'Covid', 1, 1, 4),
(241, 'A', 1, 'Available', 1, 2, 4),
(242, 'A', 2, 'Available', 1, 2, 4),
(243, 'A', 3, 'Covid', 1, 2, 4),
(244, 'A', 4, 'Covid', 1, 2, 4),
(245, 'A', 5, 'Available', 1, 2, 4),
(246, 'A', 6, 'Available', 1, 2, 4),
(247, 'A', 7, 'Covid', 1, 2, 4),
(248, 'A', 8, 'Covid', 1, 2, 4),
(249, 'A', 9, 'Available', 1, 2, 4),
(250, 'A', 10, 'Available', 1, 2, 4),
(251, 'B', 1, 'Covid', 1, 2, 4),
(252, 'B', 2, 'Covid', 1, 2, 4),
(253, 'B', 3, 'Available', 1, 2, 4),
(254, 'B', 4, 'Available', 1, 2, 4),
(255, 'B', 5, 'Covid', 1, 2, 4),
(256, 'B', 6, 'Covid', 1, 2, 4),
(257, 'B', 7, 'Available', 1, 2, 4),
(258, 'B', 8, 'Available', 1, 2, 4),
(259, 'B', 9, 'Covid', 1, 2, 4),
(260, 'B', 10, 'Covid', 1, 2, 4),
(261, 'C', 1, 'Available', 1, 2, 4),
(262, 'C', 2, 'Available', 1, 2, 4),
(263, 'C', 3, 'Covid', 1, 2, 4),
(264, 'C', 4, 'Covid', 1, 2, 4),
(265, 'C', 5, 'Available', 1, 2, 4),
(266, 'C', 6, 'Available', 1, 2, 4),
(267, 'C', 7, 'Covid', 1, 2, 4),
(268, 'C', 8, 'Covid', 1, 2, 4),
(269, 'C', 9, 'Available', 1, 2, 4),
(270, 'C', 10, 'Available', 1, 2, 4),
(271, 'D', 1, 'Covid', 1, 2, 4),
(272, 'D', 2, 'Covid', 1, 2, 4),
(273, 'D', 3, 'Available', 1, 2, 4),
(274, 'D', 4, 'Available', 1, 2, 4),
(275, 'D', 5, 'Covid', 1, 2, 4),
(276, 'D', 6, 'Covid', 1, 2, 4),
(277, 'D', 7, 'Available', 1, 2, 4),
(278, 'D', 8, 'Available', 1, 2, 4),
(279, 'D', 9, 'Covid', 1, 2, 4),
(280, 'D', 10, 'Covid', 1, 2, 4),
(281, 'A', 1, 'Available', 1, 3, 4),
(282, 'A', 2, 'Available', 1, 3, 4),
(283, 'A', 3, 'Covid', 1, 3, 4),
(284, 'A', 4, 'Covid', 1, 3, 4),
(285, 'A', 5, 'Available', 1, 3, 4),
(286, 'A', 6, 'Available', 1, 3, 4),
(287, 'A', 7, 'Covid', 1, 3, 4),
(288, 'A', 8, 'Covid', 1, 3, 4),
(289, 'A', 9, 'Available', 1, 3, 4),
(290, 'A', 10, 'Available', 1, 3, 4),
(291, 'B', 1, 'Covid', 1, 3, 4),
(292, 'B', 2, 'Covid', 1, 3, 4),
(293, 'B', 3, 'Available', 1, 3, 4),
(294, 'B', 4, 'Available', 1, 3, 4),
(295, 'B', 5, 'Covid', 1, 3, 4),
(296, 'B', 6, 'Covid', 1, 3, 4),
(297, 'B', 7, 'Available', 1, 3, 4),
(298, 'B', 8, 'Available', 1, 3, 4),
(299, 'B', 9, 'Covid', 1, 3, 4),
(300, 'B', 10, 'Covid', 1, 3, 4),
(301, 'C', 1, 'Available', 1, 3, 4),
(302, 'C', 2, 'Available', 1, 3, 4),
(303, 'C', 3, 'Covid', 1, 3, 4),
(304, 'C', 4, 'Covid', 1, 3, 4),
(305, 'C', 5, 'Available', 1, 3, 4),
(306, 'C', 6, 'Available', 1, 3, 4),
(307, 'C', 7, 'Covid', 1, 3, 4),
(308, 'C', 8, 'Covid', 1, 3, 4),
(309, 'C', 9, 'Available', 1, 3, 4),
(310, 'C', 10, 'Available', 1, 3, 4),
(311, 'D', 1, 'Covid', 1, 3, 4),
(312, 'D', 2, 'Covid', 1, 3, 4),
(313, 'D', 3, 'Available', 1, 3, 4),
(314, 'D', 4, 'Available', 1, 3, 4),
(315, 'D', 5, 'Covid', 1, 3, 4),
(316, 'D', 6, 'Covid', 1, 3, 4),
(317, 'D', 7, 'Occupied', 1, 3, 4),
(318, 'D', 8, 'Occupied', 1, 3, 4),
(319, 'D', 9, 'Covid', 1, 3, 4),
(320, 'D', 10, 'Covid', 1, 3, 4),
(321, 'A', 1, 'Available', 1, 4, 4),
(322, 'A', 2, 'Available', 1, 4, 4),
(323, 'A', 3, 'Covid', 1, 4, 4),
(324, 'A', 4, 'Covid', 1, 4, 4),
(325, 'A', 5, 'Available', 1, 4, 4),
(326, 'A', 6, 'Available', 1, 4, 4),
(327, 'A', 7, 'Covid', 1, 4, 4),
(328, 'A', 8, 'Covid', 1, 4, 4),
(329, 'A', 9, 'Available', 1, 4, 4),
(330, 'A', 10, 'Available', 1, 4, 4),
(331, 'B', 1, 'Covid', 1, 4, 4),
(332, 'B', 2, 'Covid', 1, 4, 4),
(333, 'B', 3, 'Available', 1, 4, 4),
(334, 'B', 4, 'Available', 1, 4, 4),
(335, 'B', 5, 'Covid', 1, 4, 4),
(336, 'B', 6, 'Covid', 1, 4, 4),
(337, 'B', 7, 'Available', 1, 4, 4),
(338, 'B', 8, 'Available', 1, 4, 4),
(339, 'B', 9, 'Covid', 1, 4, 4),
(340, 'B', 10, 'Covid', 1, 4, 4),
(341, 'C', 1, 'Available', 1, 4, 4),
(342, 'C', 2, 'Available', 1, 4, 4),
(343, 'C', 3, 'Covid', 1, 4, 4),
(344, 'C', 4, 'Covid', 1, 4, 4),
(345, 'C', 5, 'Available', 1, 4, 4),
(346, 'C', 6, 'Available', 1, 4, 4),
(347, 'C', 7, 'Covid', 1, 4, 4),
(348, 'C', 8, 'Covid', 1, 4, 4),
(349, 'C', 9, 'Available', 1, 4, 4),
(350, 'C', 10, 'Available', 1, 4, 4),
(351, 'D', 1, 'Covid', 1, 4, 4),
(352, 'D', 2, 'Covid', 1, 4, 4),
(353, 'D', 3, 'Occupied', 1, 4, 4),
(354, 'D', 4, 'Occupied', 1, 4, 4),
(355, 'D', 5, 'Covid', 1, 4, 4),
(356, 'D', 6, 'Covid', 1, 4, 4),
(357, 'D', 7, 'Available', 1, 4, 4),
(358, 'D', 8, 'Available', 1, 4, 4),
(359, 'D', 9, 'Covid', 1, 4, 4),
(360, 'D', 10, 'Covid', 1, 4, 4),
(361, 'A', 1, 'Available', 1, 5, 4),
(362, 'A', 2, 'Available', 1, 5, 4),
(363, 'A', 3, 'Covid', 1, 5, 4),
(364, 'A', 4, 'Covid', 1, 5, 4),
(365, 'A', 5, 'Available', 1, 5, 4),
(366, 'A', 6, 'Occupied', 1, 5, 4),
(367, 'A', 7, 'Covid', 1, 5, 4),
(368, 'A', 8, 'Covid', 1, 5, 4),
(369, 'A', 9, 'Available', 1, 5, 4),
(370, 'A', 10, 'Available', 1, 5, 4),
(371, 'B', 1, 'Covid', 1, 5, 4),
(372, 'B', 2, 'Covid', 1, 5, 4),
(373, 'B', 3, 'Available', 1, 5, 4),
(374, 'B', 4, 'Available', 1, 5, 4),
(375, 'B', 5, 'Covid', 1, 5, 4),
(376, 'B', 6, 'Covid', 1, 5, 4),
(377, 'B', 7, 'Available', 1, 5, 4),
(378, 'B', 8, 'Available', 1, 5, 4),
(379, 'B', 9, 'Covid', 1, 5, 4),
(380, 'B', 10, 'Covid', 1, 5, 4),
(381, 'C', 1, 'Available', 1, 5, 4),
(382, 'C', 2, 'Available', 1, 5, 4),
(383, 'C', 3, 'Covid', 1, 5, 4),
(384, 'C', 4, 'Covid', 1, 5, 4),
(385, 'C', 5, 'Available', 1, 5, 4),
(386, 'C', 6, 'Available', 1, 5, 4),
(387, 'C', 7, 'Covid', 1, 5, 4),
(388, 'C', 8, 'Covid', 1, 5, 4),
(389, 'C', 9, 'Available', 1, 5, 4),
(390, 'C', 10, 'Available', 1, 5, 4),
(391, 'D', 1, 'Covid', 1, 5, 4),
(392, 'D', 2, 'Covid', 1, 5, 4),
(393, 'D', 3, 'Available', 1, 5, 4),
(394, 'D', 4, 'Available', 1, 5, 4),
(395, 'D', 5, 'Covid', 1, 5, 4),
(396, 'D', 6, 'Covid', 1, 5, 4),
(397, 'D', 7, 'Available', 1, 5, 4),
(398, 'D', 8, 'Available', 1, 5, 4),
(399, 'D', 9, 'Covid', 1, 5, 4),
(400, 'D', 10, 'Covid', 1, 5, 4),
(401, 'A', 1, 'Available', 1, 1, 7),
(402, 'A', 2, 'Available', 1, 1, 7),
(403, 'A', 3, 'Covid', 1, 1, 7),
(404, 'A', 4, 'Covid', 1, 1, 7),
(405, 'A', 5, 'Available', 1, 1, 7),
(406, 'A', 6, 'Available', 1, 1, 7),
(407, 'A', 7, 'Covid', 1, 1, 7),
(408, 'A', 8, 'Covid', 1, 1, 7),
(409, 'A', 9, 'Available', 1, 1, 7),
(410, 'A', 10, 'Available', 1, 1, 7),
(411, 'B', 1, 'Covid', 1, 1, 7),
(412, 'B', 2, 'Covid', 1, 1, 7),
(413, 'B', 3, 'Available', 1, 1, 7),
(414, 'B', 4, 'Available', 1, 1, 7),
(415, 'B', 5, 'Covid', 1, 1, 7),
(416, 'B', 6, 'Covid', 1, 1, 7),
(417, 'B', 7, 'Available', 1, 1, 7),
(418, 'B', 8, 'Available', 1, 1, 7),
(419, 'B', 9, 'Covid', 1, 1, 7),
(420, 'B', 10, 'Covid', 1, 1, 7),
(421, 'C', 1, 'Available', 1, 1, 7),
(422, 'C', 2, 'Available', 1, 1, 7),
(423, 'C', 3, 'Covid', 1, 1, 7),
(424, 'C', 4, 'Covid', 1, 1, 7),
(425, 'C', 5, 'Available', 1, 1, 7),
(426, 'C', 6, 'Available', 1, 1, 7),
(427, 'C', 7, 'Covid', 1, 1, 7),
(428, 'C', 8, 'Covid', 1, 1, 7),
(429, 'C', 9, 'Available', 1, 1, 7),
(430, 'C', 10, 'Available', 1, 1, 7),
(431, 'D', 1, 'Covid', 1, 1, 7),
(432, 'D', 2, 'Covid', 1, 1, 7),
(433, 'D', 3, 'Available', 1, 1, 7),
(434, 'D', 4, 'Available', 1, 1, 7),
(435, 'D', 5, 'Covid', 1, 1, 7),
(436, 'D', 6, 'Covid', 1, 1, 7),
(437, 'D', 7, 'Available', 1, 1, 7),
(438, 'D', 8, 'Available', 1, 1, 7),
(439, 'D', 9, 'Covid', 1, 1, 7),
(440, 'D', 10, 'Covid', 1, 1, 7),
(441, 'A', 1, 'Available', 1, 2, 7),
(442, 'A', 2, 'Available', 1, 2, 7),
(443, 'A', 3, 'Covid', 1, 2, 7),
(444, 'A', 4, 'Covid', 1, 2, 7),
(445, 'A', 5, 'Available', 1, 2, 7),
(446, 'A', 6, 'Available', 1, 2, 7),
(447, 'A', 7, 'Covid', 1, 2, 7),
(448, 'A', 8, 'Covid', 1, 2, 7),
(449, 'A', 9, 'Available', 1, 2, 7),
(450, 'A', 10, 'Available', 1, 2, 7),
(451, 'B', 1, 'Covid', 1, 2, 7),
(452, 'B', 2, 'Covid', 1, 2, 7),
(453, 'B', 3, 'Available', 1, 2, 7),
(454, 'B', 4, 'Available', 1, 2, 7),
(455, 'B', 5, 'Covid', 1, 2, 7),
(456, 'B', 6, 'Covid', 1, 2, 7),
(457, 'B', 7, 'Available', 1, 2, 7),
(458, 'B', 8, 'Available', 1, 2, 7),
(459, 'B', 9, 'Covid', 1, 2, 7),
(460, 'B', 10, 'Covid', 1, 2, 7),
(461, 'C', 1, 'Available', 1, 2, 7),
(462, 'C', 2, 'Available', 1, 2, 7),
(463, 'C', 3, 'Covid', 1, 2, 7),
(464, 'C', 4, 'Covid', 1, 2, 7),
(465, 'C', 5, 'Available', 1, 2, 7),
(466, 'C', 6, 'Available', 1, 2, 7),
(467, 'C', 7, 'Covid', 1, 2, 7),
(468, 'C', 8, 'Covid', 1, 2, 7),
(469, 'C', 9, 'Available', 1, 2, 7),
(470, 'C', 10, 'Available', 1, 2, 7),
(471, 'D', 1, 'Covid', 1, 2, 7),
(472, 'D', 2, 'Covid', 1, 2, 7),
(473, 'D', 3, 'Available', 1, 2, 7),
(474, 'D', 4, 'Available', 1, 2, 7),
(475, 'D', 5, 'Covid', 1, 2, 7),
(476, 'D', 6, 'Covid', 1, 2, 7),
(477, 'D', 7, 'Available', 1, 2, 7),
(478, 'D', 8, 'Available', 1, 2, 7),
(479, 'D', 9, 'Covid', 1, 2, 7),
(480, 'D', 10, 'Covid', 1, 2, 7),
(481, 'A', 1, 'Available', 1, 3, 7),
(482, 'A', 2, 'Available', 1, 3, 7),
(483, 'A', 3, 'Covid', 1, 3, 7),
(484, 'A', 4, 'Covid', 1, 3, 7),
(485, 'A', 5, 'Available', 1, 3, 7),
(486, 'A', 6, 'Available', 1, 3, 7),
(487, 'A', 7, 'Covid', 1, 3, 7),
(488, 'A', 8, 'Covid', 1, 3, 7),
(489, 'A', 9, 'Available', 1, 3, 7),
(490, 'A', 10, 'Available', 1, 3, 7),
(491, 'B', 1, 'Covid', 1, 3, 7),
(492, 'B', 2, 'Covid', 1, 3, 7),
(493, 'B', 3, 'Available', 1, 3, 7),
(494, 'B', 4, 'Available', 1, 3, 7),
(495, 'B', 5, 'Covid', 1, 3, 7),
(496, 'B', 6, 'Covid', 1, 3, 7),
(497, 'B', 7, 'Available', 1, 3, 7),
(498, 'B', 8, 'Available', 1, 3, 7),
(499, 'B', 9, 'Covid', 1, 3, 7),
(500, 'B', 10, 'Covid', 1, 3, 7),
(501, 'C', 1, 'Available', 1, 3, 7),
(502, 'C', 2, 'Available', 1, 3, 7),
(503, 'C', 3, 'Covid', 1, 3, 7),
(504, 'C', 4, 'Covid', 1, 3, 7),
(505, 'C', 5, 'Available', 1, 3, 7),
(506, 'C', 6, 'Available', 1, 3, 7),
(507, 'C', 7, 'Covid', 1, 3, 7),
(508, 'C', 8, 'Covid', 1, 3, 7),
(509, 'C', 9, 'Available', 1, 3, 7),
(510, 'C', 10, 'Available', 1, 3, 7),
(511, 'D', 1, 'Covid', 1, 3, 7),
(512, 'D', 2, 'Covid', 1, 3, 7),
(513, 'D', 3, 'Available', 1, 3, 7),
(514, 'D', 4, 'Available', 1, 3, 7),
(515, 'D', 5, 'Covid', 1, 3, 7),
(516, 'D', 6, 'Covid', 1, 3, 7),
(517, 'D', 7, 'Available', 1, 3, 7),
(518, 'D', 8, 'Available', 1, 3, 7),
(519, 'D', 9, 'Covid', 1, 3, 7),
(520, 'D', 10, 'Covid', 1, 3, 7),
(521, 'A', 1, 'Available', 1, 4, 7),
(522, 'A', 2, 'Available', 1, 4, 7),
(523, 'A', 3, 'Covid', 1, 4, 7),
(524, 'A', 4, 'Covid', 1, 4, 7),
(525, 'A', 5, 'Available', 1, 4, 7),
(526, 'A', 6, 'Available', 1, 4, 7),
(527, 'A', 7, 'Covid', 1, 4, 7),
(528, 'A', 8, 'Covid', 1, 4, 7),
(529, 'A', 9, 'Available', 1, 4, 7),
(530, 'A', 10, 'Available', 1, 4, 7),
(531, 'B', 1, 'Covid', 1, 4, 7),
(532, 'B', 2, 'Covid', 1, 4, 7),
(533, 'B', 3, 'Available', 1, 4, 7),
(534, 'B', 4, 'Available', 1, 4, 7),
(535, 'B', 5, 'Covid', 1, 4, 7),
(536, 'B', 6, 'Covid', 1, 4, 7),
(537, 'B', 7, 'Available', 1, 4, 7),
(538, 'B', 8, 'Available', 1, 4, 7),
(539, 'B', 9, 'Covid', 1, 4, 7),
(540, 'B', 10, 'Covid', 1, 4, 7),
(541, 'C', 1, 'Available', 1, 4, 7),
(542, 'C', 2, 'Available', 1, 4, 7),
(543, 'C', 3, 'Covid', 1, 4, 7),
(544, 'C', 4, 'Covid', 1, 4, 7),
(545, 'C', 5, 'Available', 1, 4, 7),
(546, 'C', 6, 'Available', 1, 4, 7),
(547, 'C', 7, 'Covid', 1, 4, 7),
(548, 'C', 8, 'Covid', 1, 4, 7),
(549, 'C', 9, 'Available', 1, 4, 7),
(550, 'C', 10, 'Available', 1, 4, 7),
(551, 'D', 1, 'Covid', 1, 4, 7),
(552, 'D', 2, 'Covid', 1, 4, 7),
(553, 'D', 3, 'Available', 1, 4, 7),
(554, 'D', 4, 'Available', 1, 4, 7),
(555, 'D', 5, 'Covid', 1, 4, 7),
(556, 'D', 6, 'Covid', 1, 4, 7),
(557, 'D', 7, 'Available', 1, 4, 7),
(558, 'D', 8, 'Available', 1, 4, 7),
(559, 'D', 9, 'Covid', 1, 4, 7),
(560, 'D', 10, 'Covid', 1, 4, 7),
(561, 'A', 1, 'Available', 1, 5, 7),
(562, 'A', 2, 'Available', 1, 5, 7),
(563, 'A', 3, 'Covid', 1, 5, 7),
(564, 'A', 4, 'Covid', 1, 5, 7),
(565, 'A', 5, 'Available', 1, 5, 7),
(566, 'A', 6, 'Available', 1, 5, 7),
(567, 'A', 7, 'Covid', 1, 5, 7),
(568, 'A', 8, 'Covid', 1, 5, 7),
(569, 'A', 9, 'Available', 1, 5, 7),
(570, 'A', 10, 'Available', 1, 5, 7),
(571, 'B', 1, 'Covid', 1, 5, 7),
(572, 'B', 2, 'Covid', 1, 5, 7),
(573, 'B', 3, 'Available', 1, 5, 7),
(574, 'B', 4, 'Available', 1, 5, 7),
(575, 'B', 5, 'Covid', 1, 5, 7),
(576, 'B', 6, 'Covid', 1, 5, 7),
(577, 'B', 7, 'Available', 1, 5, 7),
(578, 'B', 8, 'Available', 1, 5, 7),
(579, 'B', 9, 'Covid', 1, 5, 7),
(580, 'B', 10, 'Covid', 1, 5, 7),
(581, 'C', 1, 'Available', 1, 5, 7),
(582, 'C', 2, 'Available', 1, 5, 7),
(583, 'C', 3, 'Covid', 1, 5, 7),
(584, 'C', 4, 'Covid', 1, 5, 7),
(585, 'C', 5, 'Available', 1, 5, 7),
(586, 'C', 6, 'Available', 1, 5, 7),
(587, 'C', 7, 'Covid', 1, 5, 7),
(588, 'C', 8, 'Covid', 1, 5, 7),
(589, 'C', 9, 'Available', 1, 5, 7),
(590, 'C', 10, 'Available', 1, 5, 7),
(591, 'D', 1, 'Covid', 1, 5, 7),
(592, 'D', 2, 'Covid', 1, 5, 7),
(593, 'D', 3, 'Available', 1, 5, 7),
(594, 'D', 4, 'Available', 1, 5, 7),
(595, 'D', 5, 'Covid', 1, 5, 7),
(596, 'D', 6, 'Covid', 1, 5, 7),
(597, 'D', 7, 'Available', 1, 5, 7),
(598, 'D', 8, 'Available', 1, 5, 7),
(599, 'D', 9, 'Covid', 1, 5, 7),
(600, 'D', 10, 'Covid', 1, 5, 7),
(601, 'A', 1, 'Available', 1, 1, 2),
(602, 'A', 2, 'Available', 1, 1, 2),
(603, 'A', 3, 'Covid', 1, 1, 2),
(604, 'A', 4, 'Covid', 1, 1, 2),
(605, 'A', 5, 'Available', 1, 1, 2),
(606, 'A', 6, 'Available', 1, 1, 2),
(607, 'A', 7, 'Covid', 1, 1, 2),
(608, 'A', 8, 'Covid', 1, 1, 2),
(609, 'A', 9, 'Available', 1, 1, 2),
(610, 'A', 10, 'Available', 1, 1, 2),
(611, 'B', 1, 'Covid', 1, 1, 2),
(612, 'B', 2, 'Covid', 1, 1, 2),
(613, 'B', 3, 'Available', 1, 1, 2),
(614, 'B', 4, 'Available', 1, 1, 2),
(615, 'B', 5, 'Covid', 1, 1, 2),
(616, 'B', 6, 'Covid', 1, 1, 2),
(617, 'B', 7, 'Available', 1, 1, 2),
(618, 'B', 8, 'Available', 1, 1, 2),
(619, 'B', 9, 'Covid', 1, 1, 2),
(620, 'B', 10, 'Covid', 1, 1, 2),
(621, 'C', 1, 'Available', 1, 1, 2),
(622, 'C', 2, 'Available', 1, 1, 2),
(623, 'C', 3, 'Covid', 1, 1, 2),
(624, 'C', 4, 'Covid', 1, 1, 2),
(625, 'C', 5, 'Available', 1, 1, 2),
(626, 'C', 6, 'Available', 1, 1, 2),
(627, 'C', 7, 'Covid', 1, 1, 2),
(628, 'C', 8, 'Covid', 1, 1, 2),
(629, 'C', 9, 'Available', 1, 1, 2),
(630, 'C', 10, 'Available', 1, 1, 2),
(631, 'D', 1, 'Covid', 1, 1, 2),
(632, 'D', 2, 'Covid', 1, 1, 2),
(633, 'D', 3, 'Available', 1, 1, 2),
(634, 'D', 4, 'Available', 1, 1, 2),
(635, 'D', 5, 'Covid', 1, 1, 2),
(636, 'D', 6, 'Covid', 1, 1, 2),
(637, 'D', 7, 'Available', 1, 1, 2),
(638, 'D', 8, 'Available', 1, 1, 2),
(639, 'D', 9, 'Covid', 1, 1, 2),
(640, 'D', 10, 'Covid', 1, 1, 2),
(641, 'A', 1, 'Available', 1, 2, 2),
(642, 'A', 2, 'Available', 1, 2, 2),
(643, 'A', 3, 'Covid', 1, 2, 2),
(644, 'A', 4, 'Covid', 1, 2, 2),
(645, 'A', 5, 'Available', 1, 2, 2),
(646, 'A', 6, 'Available', 1, 2, 2),
(647, 'A', 7, 'Covid', 1, 2, 2),
(648, 'A', 8, 'Covid', 1, 2, 2),
(649, 'A', 9, 'Available', 1, 2, 2),
(650, 'A', 10, 'Available', 1, 2, 2),
(651, 'B', 1, 'Covid', 1, 2, 2),
(652, 'B', 2, 'Covid', 1, 2, 2),
(653, 'B', 3, 'Available', 1, 2, 2),
(654, 'B', 4, 'Available', 1, 2, 2),
(655, 'B', 5, 'Covid', 1, 2, 2),
(656, 'B', 6, 'Covid', 1, 2, 2),
(657, 'B', 7, 'Available', 1, 2, 2),
(658, 'B', 8, 'Available', 1, 2, 2),
(659, 'B', 9, 'Covid', 1, 2, 2),
(660, 'B', 10, 'Covid', 1, 2, 2),
(661, 'C', 1, 'Available', 1, 2, 2),
(662, 'C', 2, 'Available', 1, 2, 2),
(663, 'C', 3, 'Covid', 1, 2, 2),
(664, 'C', 4, 'Covid', 1, 2, 2),
(665, 'C', 5, 'Available', 1, 2, 2),
(666, 'C', 6, 'Available', 1, 2, 2),
(667, 'C', 7, 'Covid', 1, 2, 2),
(668, 'C', 8, 'Covid', 1, 2, 2),
(669, 'C', 9, 'Available', 1, 2, 2),
(670, 'C', 10, 'Available', 1, 2, 2),
(671, 'D', 1, 'Covid', 1, 2, 2),
(672, 'D', 2, 'Covid', 1, 2, 2),
(673, 'D', 3, 'Available', 1, 2, 2),
(674, 'D', 4, 'Available', 1, 2, 2),
(675, 'D', 5, 'Covid', 1, 2, 2),
(676, 'D', 6, 'Covid', 1, 2, 2),
(677, 'D', 7, 'Available', 1, 2, 2),
(678, 'D', 8, 'Available', 1, 2, 2),
(679, 'D', 9, 'Covid', 1, 2, 2),
(680, 'D', 10, 'Covid', 1, 2, 2),
(681, 'A', 1, 'Available', 1, 3, 2),
(682, 'A', 2, 'Available', 1, 3, 2),
(683, 'A', 3, 'Covid', 1, 3, 2),
(684, 'A', 4, 'Covid', 1, 3, 2),
(685, 'A', 5, 'Available', 1, 3, 2),
(686, 'A', 6, 'Available', 1, 3, 2),
(687, 'A', 7, 'Covid', 1, 3, 2),
(688, 'A', 8, 'Covid', 1, 3, 2),
(689, 'A', 9, 'Available', 1, 3, 2),
(690, 'A', 10, 'Available', 1, 3, 2),
(691, 'B', 1, 'Covid', 1, 3, 2),
(692, 'B', 2, 'Covid', 1, 3, 2),
(693, 'B', 3, 'Available', 1, 3, 2),
(694, 'B', 4, 'Available', 1, 3, 2),
(695, 'B', 5, 'Covid', 1, 3, 2),
(696, 'B', 6, 'Covid', 1, 3, 2),
(697, 'B', 7, 'Available', 1, 3, 2),
(698, 'B', 8, 'Available', 1, 3, 2),
(699, 'B', 9, 'Covid', 1, 3, 2),
(700, 'B', 10, 'Covid', 1, 3, 2),
(701, 'C', 1, 'Available', 1, 3, 2),
(702, 'C', 2, 'Available', 1, 3, 2),
(703, 'C', 3, 'Covid', 1, 3, 2),
(704, 'C', 4, 'Covid', 1, 3, 2),
(705, 'C', 5, 'Available', 1, 3, 2),
(706, 'C', 6, 'Available', 1, 3, 2),
(707, 'C', 7, 'Covid', 1, 3, 2),
(708, 'C', 8, 'Covid', 1, 3, 2),
(709, 'C', 9, 'Available', 1, 3, 2),
(710, 'C', 10, 'Available', 1, 3, 2),
(711, 'D', 1, 'Covid', 1, 3, 2),
(712, 'D', 2, 'Covid', 1, 3, 2),
(713, 'D', 3, 'Available', 1, 3, 2),
(714, 'D', 4, 'Available', 1, 3, 2),
(715, 'D', 5, 'Covid', 1, 3, 2),
(716, 'D', 6, 'Covid', 1, 3, 2),
(717, 'D', 7, 'Available', 1, 3, 2),
(718, 'D', 8, 'Available', 1, 3, 2),
(719, 'D', 9, 'Covid', 1, 3, 2),
(720, 'D', 10, 'Covid', 1, 3, 2),
(721, 'A', 1, 'Available', 1, 4, 2),
(722, 'A', 2, 'Available', 1, 4, 2),
(723, 'A', 3, 'Covid', 1, 4, 2),
(724, 'A', 4, 'Covid', 1, 4, 2),
(725, 'A', 5, 'Available', 1, 4, 2),
(726, 'A', 6, 'Available', 1, 4, 2),
(727, 'A', 7, 'Covid', 1, 4, 2),
(728, 'A', 8, 'Covid', 1, 4, 2),
(729, 'A', 9, 'Available', 1, 4, 2),
(730, 'A', 10, 'Available', 1, 4, 2),
(731, 'B', 1, 'Covid', 1, 4, 2),
(732, 'B', 2, 'Covid', 1, 4, 2),
(733, 'B', 3, 'Available', 1, 4, 2),
(734, 'B', 4, 'Available', 1, 4, 2),
(735, 'B', 5, 'Covid', 1, 4, 2),
(736, 'B', 6, 'Covid', 1, 4, 2),
(737, 'B', 7, 'Available', 1, 4, 2),
(738, 'B', 8, 'Available', 1, 4, 2),
(739, 'B', 9, 'Covid', 1, 4, 2),
(740, 'B', 10, 'Covid', 1, 4, 2),
(741, 'C', 1, 'Available', 1, 4, 2),
(742, 'C', 2, 'Available', 1, 4, 2),
(743, 'C', 3, 'Covid', 1, 4, 2),
(744, 'C', 4, 'Covid', 1, 4, 2),
(745, 'C', 5, 'Available', 1, 4, 2),
(746, 'C', 6, 'Available', 1, 4, 2),
(747, 'C', 7, 'Covid', 1, 4, 2),
(748, 'C', 8, 'Covid', 1, 4, 2),
(749, 'C', 9, 'Available', 1, 4, 2),
(750, 'C', 10, 'Available', 1, 4, 2),
(751, 'D', 1, 'Covid', 1, 4, 2),
(752, 'D', 2, 'Covid', 1, 4, 2),
(753, 'D', 3, 'Available', 1, 4, 2),
(754, 'D', 4, 'Available', 1, 4, 2),
(755, 'D', 5, 'Covid', 1, 4, 2),
(756, 'D', 6, 'Covid', 1, 4, 2),
(757, 'D', 7, 'Available', 1, 4, 2),
(758, 'D', 8, 'Available', 1, 4, 2),
(759, 'D', 9, 'Covid', 1, 4, 2),
(760, 'D', 10, 'Covid', 1, 4, 2),
(761, 'A', 1, 'Available', 1, 5, 2),
(762, 'A', 2, 'Available', 1, 5, 2),
(763, 'A', 3, 'Covid', 1, 5, 2),
(764, 'A', 4, 'Covid', 1, 5, 2),
(765, 'A', 5, 'Available', 1, 5, 2),
(766, 'A', 6, 'Available', 1, 5, 2),
(767, 'A', 7, 'Covid', 1, 5, 2),
(768, 'A', 8, 'Covid', 1, 5, 2),
(769, 'A', 9, 'Available', 1, 5, 2),
(770, 'A', 10, 'Available', 1, 5, 2),
(771, 'B', 1, 'Covid', 1, 5, 2),
(772, 'B', 2, 'Covid', 1, 5, 2),
(773, 'B', 3, 'Available', 1, 5, 2),
(774, 'B', 4, 'Available', 1, 5, 2),
(775, 'B', 5, 'Covid', 1, 5, 2),
(776, 'B', 6, 'Covid', 1, 5, 2),
(777, 'B', 7, 'Available', 1, 5, 2),
(778, 'B', 8, 'Available', 1, 5, 2),
(779, 'B', 9, 'Covid', 1, 5, 2),
(780, 'B', 10, 'Covid', 1, 5, 2),
(781, 'C', 1, 'Available', 1, 5, 2),
(782, 'C', 2, 'Available', 1, 5, 2),
(783, 'C', 3, 'Covid', 1, 5, 2),
(784, 'C', 4, 'Covid', 1, 5, 2),
(785, 'C', 5, 'Available', 1, 5, 2),
(786, 'C', 6, 'Available', 1, 5, 2),
(787, 'C', 7, 'Covid', 1, 5, 2),
(788, 'C', 8, 'Covid', 1, 5, 2),
(789, 'C', 9, 'Available', 1, 5, 2),
(790, 'C', 10, 'Available', 1, 5, 2),
(791, 'D', 1, 'Covid', 1, 5, 2),
(792, 'D', 2, 'Covid', 1, 5, 2),
(793, 'D', 3, 'Available', 1, 5, 2),
(794, 'D', 4, 'Available', 1, 5, 2),
(795, 'D', 5, 'Covid', 1, 5, 2),
(796, 'D', 6, 'Covid', 1, 5, 2),
(797, 'D', 7, 'Available', 1, 5, 2),
(798, 'D', 8, 'Available', 1, 5, 2),
(799, 'D', 9, 'Covid', 1, 5, 2),
(800, 'D', 10, 'Covid', 1, 5, 2),
(801, 'A', 1, 'Available', 1, 1, 5),
(802, 'A', 2, 'Available', 1, 1, 5),
(803, 'A', 3, 'Covid', 1, 1, 5),
(804, 'A', 4, 'Covid', 1, 1, 5),
(805, 'A', 5, 'Available', 1, 1, 5),
(806, 'A', 6, 'Available', 1, 1, 5),
(807, 'A', 7, 'Covid', 1, 1, 5),
(808, 'A', 8, 'Covid', 1, 1, 5),
(809, 'A', 9, 'Available', 1, 1, 5),
(810, 'A', 10, 'Available', 1, 1, 5),
(811, 'B', 1, 'Covid', 1, 1, 5),
(812, 'B', 2, 'Covid', 1, 1, 5),
(813, 'B', 3, 'Available', 1, 1, 5),
(814, 'B', 4, 'Available', 1, 1, 5),
(815, 'B', 5, 'Covid', 1, 1, 5),
(816, 'B', 6, 'Covid', 1, 1, 5),
(817, 'B', 7, 'Available', 1, 1, 5),
(818, 'B', 8, 'Available', 1, 1, 5),
(819, 'B', 9, 'Covid', 1, 1, 5),
(820, 'B', 10, 'Covid', 1, 1, 5),
(821, 'C', 1, 'Available', 1, 1, 5),
(822, 'C', 2, 'Available', 1, 1, 5),
(823, 'C', 3, 'Covid', 1, 1, 5),
(824, 'C', 4, 'Covid', 1, 1, 5),
(825, 'C', 5, 'Available', 1, 1, 5),
(826, 'C', 6, 'Available', 1, 1, 5),
(827, 'C', 7, 'Covid', 1, 1, 5),
(828, 'C', 8, 'Covid', 1, 1, 5),
(829, 'C', 9, 'Available', 1, 1, 5),
(830, 'C', 10, 'Available', 1, 1, 5),
(831, 'D', 1, 'Covid', 1, 1, 5),
(832, 'D', 2, 'Covid', 1, 1, 5),
(833, 'D', 3, 'Available', 1, 1, 5),
(834, 'D', 4, 'Available', 1, 1, 5),
(835, 'D', 5, 'Covid', 1, 1, 5),
(836, 'D', 6, 'Covid', 1, 1, 5),
(837, 'D', 7, 'Available', 1, 1, 5),
(838, 'D', 8, 'Available', 1, 1, 5),
(839, 'D', 9, 'Covid', 1, 1, 5),
(840, 'D', 10, 'Covid', 1, 1, 5),
(841, 'A', 1, 'Available', 1, 2, 5),
(842, 'A', 2, 'Available', 1, 2, 5),
(843, 'A', 3, 'Covid', 1, 2, 5),
(844, 'A', 4, 'Covid', 1, 2, 5),
(845, 'A', 5, 'Available', 1, 2, 5),
(846, 'A', 6, 'Available', 1, 2, 5),
(847, 'A', 7, 'Covid', 1, 2, 5),
(848, 'A', 8, 'Covid', 1, 2, 5),
(849, 'A', 9, 'Available', 1, 2, 5),
(850, 'A', 10, 'Available', 1, 2, 5),
(851, 'B', 1, 'Covid', 1, 2, 5),
(852, 'B', 2, 'Covid', 1, 2, 5),
(853, 'B', 3, 'Available', 1, 2, 5),
(854, 'B', 4, 'Available', 1, 2, 5),
(855, 'B', 5, 'Covid', 1, 2, 5),
(856, 'B', 6, 'Covid', 1, 2, 5),
(857, 'B', 7, 'Available', 1, 2, 5),
(858, 'B', 8, 'Available', 1, 2, 5),
(859, 'B', 9, 'Covid', 1, 2, 5),
(860, 'B', 10, 'Covid', 1, 2, 5),
(861, 'C', 1, 'Available', 1, 2, 5),
(862, 'C', 2, 'Available', 1, 2, 5),
(863, 'C', 3, 'Covid', 1, 2, 5),
(864, 'C', 4, 'Covid', 1, 2, 5),
(865, 'C', 5, 'Available', 1, 2, 5),
(866, 'C', 6, 'Available', 1, 2, 5),
(867, 'C', 7, 'Covid', 1, 2, 5),
(868, 'C', 8, 'Covid', 1, 2, 5),
(869, 'C', 9, 'Available', 1, 2, 5),
(870, 'C', 10, 'Available', 1, 2, 5),
(871, 'D', 1, 'Covid', 1, 2, 5),
(872, 'D', 2, 'Covid', 1, 2, 5),
(873, 'D', 3, 'Available', 1, 2, 5),
(874, 'D', 4, 'Available', 1, 2, 5),
(875, 'D', 5, 'Covid', 1, 2, 5),
(876, 'D', 6, 'Covid', 1, 2, 5),
(877, 'D', 7, 'Available', 1, 2, 5),
(878, 'D', 8, 'Available', 1, 2, 5),
(879, 'D', 9, 'Covid', 1, 2, 5),
(880, 'D', 10, 'Covid', 1, 2, 5),
(881, 'A', 1, 'Available', 1, 3, 5),
(882, 'A', 2, 'Available', 1, 3, 5),
(883, 'A', 3, 'Covid', 1, 3, 5),
(884, 'A', 4, 'Covid', 1, 3, 5),
(885, 'A', 5, 'Available', 1, 3, 5),
(886, 'A', 6, 'Available', 1, 3, 5),
(887, 'A', 7, 'Covid', 1, 3, 5),
(888, 'A', 8, 'Covid', 1, 3, 5),
(889, 'A', 9, 'Available', 1, 3, 5),
(890, 'A', 10, 'Available', 1, 3, 5),
(891, 'B', 1, 'Covid', 1, 3, 5),
(892, 'B', 2, 'Covid', 1, 3, 5),
(893, 'B', 3, 'Available', 1, 3, 5),
(894, 'B', 4, 'Available', 1, 3, 5),
(895, 'B', 5, 'Covid', 1, 3, 5),
(896, 'B', 6, 'Covid', 1, 3, 5),
(897, 'B', 7, 'Available', 1, 3, 5),
(898, 'B', 8, 'Available', 1, 3, 5),
(899, 'B', 9, 'Covid', 1, 3, 5),
(900, 'B', 10, 'Covid', 1, 3, 5),
(901, 'C', 1, 'Available', 1, 3, 5),
(902, 'C', 2, 'Available', 1, 3, 5),
(903, 'C', 3, 'Covid', 1, 3, 5),
(904, 'C', 4, 'Covid', 1, 3, 5),
(905, 'C', 5, 'Available', 1, 3, 5),
(906, 'C', 6, 'Available', 1, 3, 5),
(907, 'C', 7, 'Covid', 1, 3, 5),
(908, 'C', 8, 'Covid', 1, 3, 5),
(909, 'C', 9, 'Available', 1, 3, 5),
(910, 'C', 10, 'Available', 1, 3, 5),
(911, 'D', 1, 'Covid', 1, 3, 5),
(912, 'D', 2, 'Covid', 1, 3, 5),
(913, 'D', 3, 'Available', 1, 3, 5),
(914, 'D', 4, 'Available', 1, 3, 5),
(915, 'D', 5, 'Covid', 1, 3, 5),
(916, 'D', 6, 'Covid', 1, 3, 5),
(917, 'D', 7, 'Available', 1, 3, 5),
(918, 'D', 8, 'Available', 1, 3, 5),
(919, 'D', 9, 'Covid', 1, 3, 5),
(920, 'D', 10, 'Covid', 1, 3, 5),
(921, 'A', 1, 'Occupied', 1, 4, 5),
(922, 'A', 2, 'Occupied', 1, 4, 5),
(923, 'A', 3, 'Covid', 1, 4, 5),
(924, 'A', 4, 'Covid', 1, 4, 5),
(925, 'A', 5, 'Occupied', 1, 4, 5),
(926, 'A', 6, 'Occupied', 1, 4, 5),
(927, 'A', 7, 'Covid', 1, 4, 5),
(928, 'A', 8, 'Covid', 1, 4, 5),
(929, 'A', 9, 'Occupied', 1, 4, 5),
(930, 'A', 10, 'Occupied', 1, 4, 5),
(931, 'B', 1, 'Covid', 1, 4, 5),
(932, 'B', 2, 'Covid', 1, 4, 5),
(933, 'B', 3, 'Available', 1, 4, 5),
(934, 'B', 4, 'Available', 1, 4, 5),
(935, 'B', 5, 'Covid', 1, 4, 5),
(936, 'B', 6, 'Covid', 1, 4, 5),
(937, 'B', 7, 'Occupied', 1, 4, 5),
(938, 'B', 8, 'Occupied', 1, 4, 5),
(939, 'B', 9, 'Covid', 1, 4, 5),
(940, 'B', 10, 'Covid', 1, 4, 5),
(941, 'C', 1, 'Available', 1, 4, 5),
(942, 'C', 2, 'Available', 1, 4, 5),
(943, 'C', 3, 'Covid', 1, 4, 5),
(944, 'C', 4, 'Covid', 1, 4, 5),
(945, 'C', 5, 'Available', 1, 4, 5),
(946, 'C', 6, 'Available', 1, 4, 5),
(947, 'C', 7, 'Covid', 1, 4, 5),
(948, 'C', 8, 'Covid', 1, 4, 5),
(949, 'C', 9, 'Occupied', 1, 4, 5),
(950, 'C', 10, 'Occupied', 1, 4, 5),
(951, 'D', 1, 'Covid', 1, 4, 5),
(952, 'D', 2, 'Covid', 1, 4, 5),
(953, 'D', 3, 'Available', 1, 4, 5),
(954, 'D', 4, 'Available', 1, 4, 5),
(955, 'D', 5, 'Covid', 1, 4, 5),
(956, 'D', 6, 'Covid', 1, 4, 5),
(957, 'D', 7, 'Occupied', 1, 4, 5),
(958, 'D', 8, 'Occupied', 1, 4, 5),
(959, 'D', 9, 'Covid', 1, 4, 5),
(960, 'D', 10, 'Covid', 1, 4, 5),
(961, 'A', 1, 'Available', 1, 5, 5),
(962, 'A', 2, 'Available', 1, 5, 5),
(963, 'A', 3, 'Covid', 1, 5, 5),
(964, 'A', 4, 'Covid', 1, 5, 5),
(965, 'A', 5, 'Available', 1, 5, 5),
(966, 'A', 6, 'Available', 1, 5, 5),
(967, 'A', 7, 'Covid', 1, 5, 5),
(968, 'A', 8, 'Covid', 1, 5, 5),
(969, 'A', 9, 'Available', 1, 5, 5),
(970, 'A', 10, 'Available', 1, 5, 5),
(971, 'B', 1, 'Covid', 1, 5, 5),
(972, 'B', 2, 'Covid', 1, 5, 5),
(973, 'B', 3, 'Available', 1, 5, 5),
(974, 'B', 4, 'Available', 1, 5, 5),
(975, 'B', 5, 'Covid', 1, 5, 5),
(976, 'B', 6, 'Covid', 1, 5, 5),
(977, 'B', 7, 'Available', 1, 5, 5),
(978, 'B', 8, 'Available', 1, 5, 5),
(979, 'B', 9, 'Covid', 1, 5, 5),
(980, 'B', 10, 'Covid', 1, 5, 5),
(981, 'C', 1, 'Available', 1, 5, 5),
(982, 'C', 2, 'Available', 1, 5, 5),
(983, 'C', 3, 'Covid', 1, 5, 5),
(984, 'C', 4, 'Covid', 1, 5, 5),
(985, 'C', 5, 'Available', 1, 5, 5),
(986, 'C', 6, 'Available', 1, 5, 5),
(987, 'C', 7, 'Covid', 1, 5, 5),
(988, 'C', 8, 'Covid', 1, 5, 5),
(989, 'C', 9, 'Available', 1, 5, 5),
(990, 'C', 10, 'Available', 1, 5, 5),
(991, 'D', 1, 'Covid', 1, 5, 5),
(992, 'D', 2, 'Covid', 1, 5, 5),
(993, 'D', 3, 'Available', 1, 5, 5),
(994, 'D', 4, 'Available', 1, 5, 5),
(995, 'D', 5, 'Covid', 1, 5, 5),
(996, 'D', 6, 'Covid', 1, 5, 5),
(997, 'D', 7, 'Available', 1, 5, 5),
(998, 'D', 8, 'Available', 1, 5, 5),
(999, 'D', 9, 'Covid', 1, 5, 5),
(1000, 'D', 10, 'Covid', 1, 5, 5),
(1001, 'A', 1, 'Available', 1, 1, 8),
(1002, 'A', 2, 'Available', 1, 1, 8),
(1003, 'A', 3, 'Covid', 1, 1, 8),
(1004, 'A', 4, 'Covid', 1, 1, 8),
(1005, 'A', 5, 'Available', 1, 1, 8),
(1006, 'A', 6, 'Available', 1, 1, 8),
(1007, 'A', 7, 'Covid', 1, 1, 8),
(1008, 'A', 8, 'Covid', 1, 1, 8),
(1009, 'A', 9, 'Available', 1, 1, 8),
(1010, 'A', 10, 'Available', 1, 1, 8),
(1011, 'B', 1, 'Covid', 1, 1, 8),
(1012, 'B', 2, 'Covid', 1, 1, 8),
(1013, 'B', 3, 'Available', 1, 1, 8),
(1014, 'B', 4, 'Available', 1, 1, 8),
(1015, 'B', 5, 'Covid', 1, 1, 8),
(1016, 'B', 6, 'Covid', 1, 1, 8),
(1017, 'B', 7, 'Available', 1, 1, 8),
(1018, 'B', 8, 'Available', 1, 1, 8),
(1019, 'B', 9, 'Covid', 1, 1, 8),
(1020, 'B', 10, 'Covid', 1, 1, 8),
(1021, 'C', 1, 'Available', 1, 1, 8),
(1022, 'C', 2, 'Available', 1, 1, 8),
(1023, 'C', 3, 'Covid', 1, 1, 8),
(1024, 'C', 4, 'Covid', 1, 1, 8),
(1025, 'C', 5, 'Available', 1, 1, 8),
(1026, 'C', 6, 'Available', 1, 1, 8),
(1027, 'C', 7, 'Covid', 1, 1, 8),
(1028, 'C', 8, 'Covid', 1, 1, 8),
(1029, 'C', 9, 'Available', 1, 1, 8),
(1030, 'C', 10, 'Available', 1, 1, 8),
(1031, 'D', 1, 'Covid', 1, 1, 8),
(1032, 'D', 2, 'Covid', 1, 1, 8),
(1033, 'D', 3, 'Available', 1, 1, 8),
(1034, 'D', 4, 'Available', 1, 1, 8),
(1035, 'D', 5, 'Covid', 1, 1, 8),
(1036, 'D', 6, 'Covid', 1, 1, 8),
(1037, 'D', 7, 'Available', 1, 1, 8),
(1038, 'D', 8, 'Available', 1, 1, 8),
(1039, 'D', 9, 'Covid', 1, 1, 8),
(1040, 'D', 10, 'Covid', 1, 1, 8),
(1041, 'A', 1, 'Available', 1, 2, 8),
(1042, 'A', 2, 'Available', 1, 2, 8),
(1043, 'A', 3, 'Covid', 1, 2, 8),
(1044, 'A', 4, 'Covid', 1, 2, 8),
(1045, 'A', 5, 'Available', 1, 2, 8),
(1046, 'A', 6, 'Available', 1, 2, 8),
(1047, 'A', 7, 'Covid', 1, 2, 8),
(1048, 'A', 8, 'Covid', 1, 2, 8),
(1049, 'A', 9, 'Available', 1, 2, 8),
(1050, 'A', 10, 'Available', 1, 2, 8),
(1051, 'B', 1, 'Covid', 1, 2, 8),
(1052, 'B', 2, 'Covid', 1, 2, 8),
(1053, 'B', 3, 'Available', 1, 2, 8),
(1054, 'B', 4, 'Available', 1, 2, 8),
(1055, 'B', 5, 'Covid', 1, 2, 8),
(1056, 'B', 6, 'Covid', 1, 2, 8),
(1057, 'B', 7, 'Available', 1, 2, 8),
(1058, 'B', 8, 'Available', 1, 2, 8),
(1059, 'B', 9, 'Covid', 1, 2, 8),
(1060, 'B', 10, 'Covid', 1, 2, 8),
(1061, 'C', 1, 'Available', 1, 2, 8),
(1062, 'C', 2, 'Available', 1, 2, 8),
(1063, 'C', 3, 'Covid', 1, 2, 8),
(1064, 'C', 4, 'Covid', 1, 2, 8),
(1065, 'C', 5, 'Available', 1, 2, 8),
(1066, 'C', 6, 'Available', 1, 2, 8),
(1067, 'C', 7, 'Covid', 1, 2, 8),
(1068, 'C', 8, 'Covid', 1, 2, 8),
(1069, 'C', 9, 'Available', 1, 2, 8),
(1070, 'C', 10, 'Available', 1, 2, 8),
(1071, 'D', 1, 'Covid', 1, 2, 8),
(1072, 'D', 2, 'Covid', 1, 2, 8),
(1073, 'D', 3, 'Available', 1, 2, 8),
(1074, 'D', 4, 'Available', 1, 2, 8),
(1075, 'D', 5, 'Covid', 1, 2, 8),
(1076, 'D', 6, 'Covid', 1, 2, 8),
(1077, 'D', 7, 'Available', 1, 2, 8),
(1078, 'D', 8, 'Available', 1, 2, 8),
(1079, 'D', 9, 'Covid', 1, 2, 8),
(1080, 'D', 10, 'Covid', 1, 2, 8),
(1081, 'A', 1, 'Available', 1, 3, 8),
(1082, 'A', 2, 'Available', 1, 3, 8),
(1083, 'A', 3, 'Covid', 1, 3, 8),
(1084, 'A', 4, 'Covid', 1, 3, 8),
(1085, 'A', 5, 'Available', 1, 3, 8),
(1086, 'A', 6, 'Available', 1, 3, 8),
(1087, 'A', 7, 'Covid', 1, 3, 8),
(1088, 'A', 8, 'Covid', 1, 3, 8),
(1089, 'A', 9, 'Available', 1, 3, 8),
(1090, 'A', 10, 'Available', 1, 3, 8),
(1091, 'B', 1, 'Covid', 1, 3, 8),
(1092, 'B', 2, 'Covid', 1, 3, 8),
(1093, 'B', 3, 'Available', 1, 3, 8),
(1094, 'B', 4, 'Available', 1, 3, 8),
(1095, 'B', 5, 'Covid', 1, 3, 8),
(1096, 'B', 6, 'Covid', 1, 3, 8),
(1097, 'B', 7, 'Available', 1, 3, 8),
(1098, 'B', 8, 'Available', 1, 3, 8),
(1099, 'B', 9, 'Covid', 1, 3, 8),
(1100, 'B', 10, 'Covid', 1, 3, 8),
(1101, 'C', 1, 'Available', 1, 3, 8),
(1102, 'C', 2, 'Available', 1, 3, 8),
(1103, 'C', 3, 'Covid', 1, 3, 8),
(1104, 'C', 4, 'Covid', 1, 3, 8),
(1105, 'C', 5, 'Available', 1, 3, 8),
(1106, 'C', 6, 'Available', 1, 3, 8),
(1107, 'C', 7, 'Covid', 1, 3, 8),
(1108, 'C', 8, 'Covid', 1, 3, 8),
(1109, 'C', 9, 'Available', 1, 3, 8),
(1110, 'C', 10, 'Available', 1, 3, 8),
(1111, 'D', 1, 'Covid', 1, 3, 8),
(1112, 'D', 2, 'Covid', 1, 3, 8),
(1113, 'D', 3, 'Available', 1, 3, 8),
(1114, 'D', 4, 'Available', 1, 3, 8),
(1115, 'D', 5, 'Covid', 1, 3, 8),
(1116, 'D', 6, 'Covid', 1, 3, 8),
(1117, 'D', 7, 'Available', 1, 3, 8),
(1118, 'D', 8, 'Available', 1, 3, 8),
(1119, 'D', 9, 'Covid', 1, 3, 8),
(1120, 'D', 10, 'Covid', 1, 3, 8),
(1121, 'A', 1, 'Available', 1, 4, 8),
(1122, 'A', 2, 'Available', 1, 4, 8),
(1123, 'A', 3, 'Covid', 1, 4, 8),
(1124, 'A', 4, 'Covid', 1, 4, 8),
(1125, 'A', 5, 'Available', 1, 4, 8),
(1126, 'A', 6, 'Available', 1, 4, 8),
(1127, 'A', 7, 'Covid', 1, 4, 8),
(1128, 'A', 8, 'Covid', 1, 4, 8),
(1129, 'A', 9, 'Available', 1, 4, 8),
(1130, 'A', 10, 'Available', 1, 4, 8),
(1131, 'B', 1, 'Covid', 1, 4, 8),
(1132, 'B', 2, 'Covid', 1, 4, 8),
(1133, 'B', 3, 'Available', 1, 4, 8),
(1134, 'B', 4, 'Available', 1, 4, 8),
(1135, 'B', 5, 'Covid', 1, 4, 8),
(1136, 'B', 6, 'Covid', 1, 4, 8),
(1137, 'B', 7, 'Available', 1, 4, 8),
(1138, 'B', 8, 'Available', 1, 4, 8),
(1139, 'B', 9, 'Covid', 1, 4, 8),
(1140, 'B', 10, 'Covid', 1, 4, 8),
(1141, 'C', 1, 'Available', 1, 4, 8),
(1142, 'C', 2, 'Available', 1, 4, 8),
(1143, 'C', 3, 'Covid', 1, 4, 8),
(1144, 'C', 4, 'Covid', 1, 4, 8),
(1145, 'C', 5, 'Available', 1, 4, 8),
(1146, 'C', 6, 'Available', 1, 4, 8),
(1147, 'C', 7, 'Covid', 1, 4, 8),
(1148, 'C', 8, 'Covid', 1, 4, 8),
(1149, 'C', 9, 'Available', 1, 4, 8),
(1150, 'C', 10, 'Available', 1, 4, 8),
(1151, 'D', 1, 'Covid', 1, 4, 8),
(1152, 'D', 2, 'Covid', 1, 4, 8),
(1153, 'D', 3, 'Occupied', 1, 4, 8),
(1154, 'D', 4, 'Occupied', 1, 4, 8),
(1155, 'D', 5, 'Covid', 1, 4, 8),
(1156, 'D', 6, 'Covid', 1, 4, 8),
(1157, 'D', 7, 'Available', 1, 4, 8),
(1158, 'D', 8, 'Available', 1, 4, 8),
(1159, 'D', 9, 'Covid', 1, 4, 8),
(1160, 'D', 10, 'Covid', 1, 4, 8),
(1161, 'A', 1, 'Available', 1, 5, 8),
(1162, 'A', 2, 'Available', 1, 5, 8),
(1163, 'A', 3, 'Covid', 1, 5, 8),
(1164, 'A', 4, 'Covid', 1, 5, 8),
(1165, 'A', 5, 'Available', 1, 5, 8),
(1166, 'A', 6, 'Available', 1, 5, 8),
(1167, 'A', 7, 'Covid', 1, 5, 8),
(1168, 'A', 8, 'Covid', 1, 5, 8),
(1169, 'A', 9, 'Available', 1, 5, 8),
(1170, 'A', 10, 'Available', 1, 5, 8),
(1171, 'B', 1, 'Covid', 1, 5, 8),
(1172, 'B', 2, 'Covid', 1, 5, 8),
(1173, 'B', 3, 'Available', 1, 5, 8),
(1174, 'B', 4, 'Available', 1, 5, 8),
(1175, 'B', 5, 'Covid', 1, 5, 8),
(1176, 'B', 6, 'Covid', 1, 5, 8),
(1177, 'B', 7, 'Available', 1, 5, 8),
(1178, 'B', 8, 'Available', 1, 5, 8),
(1179, 'B', 9, 'Covid', 1, 5, 8),
(1180, 'B', 10, 'Covid', 1, 5, 8),
(1181, 'C', 1, 'Available', 1, 5, 8),
(1182, 'C', 2, 'Available', 1, 5, 8),
(1183, 'C', 3, 'Covid', 1, 5, 8),
(1184, 'C', 4, 'Covid', 1, 5, 8),
(1185, 'C', 5, 'Available', 1, 5, 8),
(1186, 'C', 6, 'Available', 1, 5, 8),
(1187, 'C', 7, 'Covid', 1, 5, 8),
(1188, 'C', 8, 'Covid', 1, 5, 8),
(1189, 'C', 9, 'Available', 1, 5, 8),
(1190, 'C', 10, 'Available', 1, 5, 8),
(1191, 'D', 1, 'Covid', 1, 5, 8),
(1192, 'D', 2, 'Covid', 1, 5, 8),
(1193, 'D', 3, 'Available', 1, 5, 8),
(1194, 'D', 4, 'Available', 1, 5, 8),
(1195, 'D', 5, 'Covid', 1, 5, 8),
(1196, 'D', 6, 'Covid', 1, 5, 8),
(1197, 'D', 7, 'Available', 1, 5, 8),
(1198, 'D', 8, 'Available', 1, 5, 8),
(1199, 'D', 9, 'Covid', 1, 5, 8),
(1200, 'D', 10, 'Covid', 1, 5, 8),
(1201, 'A', 1, 'Available', 1, 1, 3),
(1202, 'A', 2, 'Available', 1, 1, 3),
(1203, 'A', 3, 'Covid', 1, 1, 3),
(1204, 'A', 4, 'Covid', 1, 1, 3),
(1205, 'A', 5, 'Occupied', 1, 1, 3),
(1206, 'A', 6, 'Occupied', 1, 1, 3),
(1207, 'A', 7, 'Covid', 1, 1, 3),
(1208, 'A', 8, 'Covid', 1, 1, 3),
(1209, 'A', 9, 'Occupied', 1, 1, 3),
(1210, 'A', 10, 'Available', 1, 1, 3),
(1211, 'B', 1, 'Covid', 1, 1, 3),
(1212, 'B', 2, 'Covid', 1, 1, 3),
(1213, 'B', 3, 'Available', 1, 1, 3),
(1214, 'B', 4, 'Available', 1, 1, 3),
(1215, 'B', 5, 'Covid', 1, 1, 3),
(1216, 'B', 6, 'Covid', 1, 1, 3),
(1217, 'B', 7, 'Available', 1, 1, 3),
(1218, 'B', 8, 'Available', 1, 1, 3),
(1219, 'B', 9, 'Covid', 1, 1, 3),
(1220, 'B', 10, 'Covid', 1, 1, 3),
(1221, 'C', 1, 'Available', 1, 1, 3),
(1222, 'C', 2, 'Available', 1, 1, 3),
(1223, 'C', 3, 'Covid', 1, 1, 3),
(1224, 'C', 4, 'Covid', 1, 1, 3),
(1225, 'C', 5, 'Occupied', 1, 1, 3),
(1226, 'C', 6, 'Occupied', 1, 1, 3),
(1227, 'C', 7, 'Covid', 1, 1, 3),
(1228, 'C', 8, 'Covid', 1, 1, 3),
(1229, 'C', 9, 'Available', 1, 1, 3),
(1230, 'C', 10, 'Available', 1, 1, 3),
(1231, 'D', 1, 'Covid', 1, 1, 3),
(1232, 'D', 2, 'Covid', 1, 1, 3),
(1233, 'D', 3, 'Occupied', 1, 1, 3),
(1234, 'D', 4, 'Occupied', 1, 1, 3),
(1235, 'D', 5, 'Covid', 1, 1, 3),
(1236, 'D', 6, 'Covid', 1, 1, 3),
(1237, 'D', 7, 'Available', 1, 1, 3),
(1238, 'D', 8, 'Available', 1, 1, 3),
(1239, 'D', 9, 'Covid', 1, 1, 3),
(1240, 'D', 10, 'Covid', 1, 1, 3),
(1241, 'A', 1, 'Available', 1, 2, 3),
(1242, 'A', 2, 'Available', 1, 2, 3),
(1243, 'A', 3, 'Covid', 1, 2, 3),
(1244, 'A', 4, 'Covid', 1, 2, 3),
(1245, 'A', 5, 'Available', 1, 2, 3),
(1246, 'A', 6, 'Available', 1, 2, 3),
(1247, 'A', 7, 'Covid', 1, 2, 3),
(1248, 'A', 8, 'Covid', 1, 2, 3),
(1249, 'A', 9, 'Available', 1, 2, 3),
(1250, 'A', 10, 'Available', 1, 2, 3),
(1251, 'B', 1, 'Covid', 1, 2, 3),
(1252, 'B', 2, 'Covid', 1, 2, 3),
(1253, 'B', 3, 'Available', 1, 2, 3),
(1254, 'B', 4, 'Available', 1, 2, 3),
(1255, 'B', 5, 'Covid', 1, 2, 3),
(1256, 'B', 6, 'Covid', 1, 2, 3),
(1257, 'B', 7, 'Available', 1, 2, 3),
(1258, 'B', 8, 'Available', 1, 2, 3),
(1259, 'B', 9, 'Covid', 1, 2, 3),
(1260, 'B', 10, 'Covid', 1, 2, 3),
(1261, 'C', 1, 'Available', 1, 2, 3),
(1262, 'C', 2, 'Available', 1, 2, 3),
(1263, 'C', 3, 'Covid', 1, 2, 3),
(1264, 'C', 4, 'Covid', 1, 2, 3),
(1265, 'C', 5, 'Available', 1, 2, 3),
(1266, 'C', 6, 'Available', 1, 2, 3),
(1267, 'C', 7, 'Covid', 1, 2, 3),
(1268, 'C', 8, 'Covid', 1, 2, 3),
(1269, 'C', 9, 'Available', 1, 2, 3),
(1270, 'C', 10, 'Available', 1, 2, 3),
(1271, 'D', 1, 'Covid', 1, 2, 3),
(1272, 'D', 2, 'Covid', 1, 2, 3),
(1273, 'D', 3, 'Available', 1, 2, 3),
(1274, 'D', 4, 'Available', 1, 2, 3),
(1275, 'D', 5, 'Covid', 1, 2, 3),
(1276, 'D', 6, 'Covid', 1, 2, 3),
(1277, 'D', 7, 'Occupied', 1, 2, 3),
(1278, 'D', 8, 'Occupied', 1, 2, 3),
(1279, 'D', 9, 'Covid', 1, 2, 3),
(1280, 'D', 10, 'Covid', 1, 2, 3),
(1281, 'A', 1, 'Available', 1, 3, 3),
(1282, 'A', 2, 'Available', 1, 3, 3),
(1283, 'A', 3, 'Covid', 1, 3, 3),
(1284, 'A', 4, 'Covid', 1, 3, 3),
(1285, 'A', 5, 'Available', 1, 3, 3),
(1286, 'A', 6, 'Available', 1, 3, 3),
(1287, 'A', 7, 'Covid', 1, 3, 3),
(1288, 'A', 8, 'Covid', 1, 3, 3),
(1289, 'A', 9, 'Available', 1, 3, 3),
(1290, 'A', 10, 'Available', 1, 3, 3),
(1291, 'B', 1, 'Covid', 1, 3, 3),
(1292, 'B', 2, 'Covid', 1, 3, 3),
(1293, 'B', 3, 'Available', 1, 3, 3),
(1294, 'B', 4, 'Available', 1, 3, 3),
(1295, 'B', 5, 'Covid', 1, 3, 3),
(1296, 'B', 6, 'Covid', 1, 3, 3),
(1297, 'B', 7, 'Available', 1, 3, 3),
(1298, 'B', 8, 'Available', 1, 3, 3),
(1299, 'B', 9, 'Covid', 1, 3, 3),
(1300, 'B', 10, 'Covid', 1, 3, 3),
(1301, 'C', 1, 'Available', 1, 3, 3),
(1302, 'C', 2, 'Available', 1, 3, 3),
(1303, 'C', 3, 'Covid', 1, 3, 3),
(1304, 'C', 4, 'Covid', 1, 3, 3),
(1305, 'C', 5, 'Available', 1, 3, 3),
(1306, 'C', 6, 'Available', 1, 3, 3),
(1307, 'C', 7, 'Covid', 1, 3, 3),
(1308, 'C', 8, 'Covid', 1, 3, 3),
(1309, 'C', 9, 'Available', 1, 3, 3),
(1310, 'C', 10, 'Available', 1, 3, 3),
(1311, 'D', 1, 'Covid', 1, 3, 3),
(1312, 'D', 2, 'Covid', 1, 3, 3),
(1313, 'D', 3, 'Available', 1, 3, 3),
(1314, 'D', 4, 'Available', 1, 3, 3),
(1315, 'D', 5, 'Covid', 1, 3, 3),
(1316, 'D', 6, 'Covid', 1, 3, 3),
(1317, 'D', 7, 'Available', 1, 3, 3),
(1318, 'D', 8, 'Available', 1, 3, 3),
(1319, 'D', 9, 'Covid', 1, 3, 3),
(1320, 'D', 10, 'Covid', 1, 3, 3),
(1321, 'A', 1, 'Available', 1, 4, 3),
(1322, 'A', 2, 'Available', 1, 4, 3),
(1323, 'A', 3, 'Covid', 1, 4, 3),
(1324, 'A', 4, 'Covid', 1, 4, 3),
(1325, 'A', 5, 'Available', 1, 4, 3),
(1326, 'A', 6, 'Available', 1, 4, 3),
(1327, 'A', 7, 'Covid', 1, 4, 3),
(1328, 'A', 8, 'Covid', 1, 4, 3),
(1329, 'A', 9, 'Available', 1, 4, 3),
(1330, 'A', 10, 'Available', 1, 4, 3),
(1331, 'B', 1, 'Covid', 1, 4, 3),
(1332, 'B', 2, 'Covid', 1, 4, 3),
(1333, 'B', 3, 'Available', 1, 4, 3),
(1334, 'B', 4, 'Available', 1, 4, 3),
(1335, 'B', 5, 'Covid', 1, 4, 3),
(1336, 'B', 6, 'Covid', 1, 4, 3),
(1337, 'B', 7, 'Available', 1, 4, 3),
(1338, 'B', 8, 'Available', 1, 4, 3),
(1339, 'B', 9, 'Covid', 1, 4, 3),
(1340, 'B', 10, 'Covid', 1, 4, 3),
(1341, 'C', 1, 'Available', 1, 4, 3),
(1342, 'C', 2, 'Available', 1, 4, 3),
(1343, 'C', 3, 'Covid', 1, 4, 3),
(1344, 'C', 4, 'Covid', 1, 4, 3),
(1345, 'C', 5, 'Available', 1, 4, 3),
(1346, 'C', 6, 'Available', 1, 4, 3),
(1347, 'C', 7, 'Covid', 1, 4, 3),
(1348, 'C', 8, 'Covid', 1, 4, 3),
(1349, 'C', 9, 'Available', 1, 4, 3),
(1350, 'C', 10, 'Available', 1, 4, 3),
(1351, 'D', 1, 'Covid', 1, 4, 3),
(1352, 'D', 2, 'Covid', 1, 4, 3),
(1353, 'D', 3, 'Available', 1, 4, 3),
(1354, 'D', 4, 'Available', 1, 4, 3),
(1355, 'D', 5, 'Covid', 1, 4, 3),
(1356, 'D', 6, 'Covid', 1, 4, 3),
(1357, 'D', 7, 'Available', 1, 4, 3),
(1358, 'D', 8, 'Available', 1, 4, 3),
(1359, 'D', 9, 'Covid', 1, 4, 3),
(1360, 'D', 10, 'Covid', 1, 4, 3),
(1361, 'A', 1, 'Available', 1, 5, 3),
(1362, 'A', 2, 'Available', 1, 5, 3),
(1363, 'A', 3, 'Covid', 1, 5, 3),
(1364, 'A', 4, 'Covid', 1, 5, 3),
(1365, 'A', 5, 'Available', 1, 5, 3),
(1366, 'A', 6, 'Available', 1, 5, 3),
(1367, 'A', 7, 'Covid', 1, 5, 3),
(1368, 'A', 8, 'Covid', 1, 5, 3),
(1369, 'A', 9, 'Available', 1, 5, 3),
(1370, 'A', 10, 'Available', 1, 5, 3),
(1371, 'B', 1, 'Covid', 1, 5, 3),
(1372, 'B', 2, 'Covid', 1, 5, 3),
(1373, 'B', 3, 'Available', 1, 5, 3),
(1374, 'B', 4, 'Available', 1, 5, 3),
(1375, 'B', 5, 'Covid', 1, 5, 3),
(1376, 'B', 6, 'Covid', 1, 5, 3),
(1377, 'B', 7, 'Available', 1, 5, 3),
(1378, 'B', 8, 'Available', 1, 5, 3),
(1379, 'B', 9, 'Covid', 1, 5, 3),
(1380, 'B', 10, 'Covid', 1, 5, 3),
(1381, 'C', 1, 'Available', 1, 5, 3),
(1382, 'C', 2, 'Available', 1, 5, 3),
(1383, 'C', 3, 'Covid', 1, 5, 3),
(1384, 'C', 4, 'Covid', 1, 5, 3),
(1385, 'C', 5, 'Available', 1, 5, 3),
(1386, 'C', 6, 'Available', 1, 5, 3),
(1387, 'C', 7, 'Covid', 1, 5, 3),
(1388, 'C', 8, 'Covid', 1, 5, 3),
(1389, 'C', 9, 'Available', 1, 5, 3),
(1390, 'C', 10, 'Available', 1, 5, 3),
(1391, 'D', 1, 'Covid', 1, 5, 3),
(1392, 'D', 2, 'Covid', 1, 5, 3),
(1393, 'D', 3, 'Available', 1, 5, 3),
(1394, 'D', 4, 'Available', 1, 5, 3),
(1395, 'D', 5, 'Covid', 1, 5, 3),
(1396, 'D', 6, 'Covid', 1, 5, 3),
(1397, 'D', 7, 'Available', 1, 5, 3),
(1398, 'D', 8, 'Available', 1, 5, 3),
(1399, 'D', 9, 'Covid', 1, 5, 3),
(1400, 'D', 10, 'Covid', 1, 5, 3),
(1401, 'A', 1, 'Available', 1, 1, 6),
(1402, 'A', 2, 'Available', 1, 1, 6),
(1403, 'A', 3, 'Covid', 1, 1, 6),
(1404, 'A', 4, 'Covid', 1, 1, 6),
(1405, 'A', 5, 'Available', 1, 1, 6),
(1406, 'A', 6, 'Available', 1, 1, 6),
(1407, 'A', 7, 'Covid', 1, 1, 6),
(1408, 'A', 8, 'Covid', 1, 1, 6),
(1409, 'A', 9, 'Available', 1, 1, 6),
(1410, 'A', 10, 'Available', 1, 1, 6),
(1411, 'B', 1, 'Covid', 1, 1, 6),
(1412, 'B', 2, 'Covid', 1, 1, 6),
(1413, 'B', 3, 'Available', 1, 1, 6),
(1414, 'B', 4, 'Available', 1, 1, 6),
(1415, 'B', 5, 'Covid', 1, 1, 6),
(1416, 'B', 6, 'Covid', 1, 1, 6),
(1417, 'B', 7, 'Available', 1, 1, 6),
(1418, 'B', 8, 'Available', 1, 1, 6),
(1419, 'B', 9, 'Covid', 1, 1, 6),
(1420, 'B', 10, 'Covid', 1, 1, 6),
(1421, 'C', 1, 'Available', 1, 1, 6),
(1422, 'C', 2, 'Available', 1, 1, 6),
(1423, 'C', 3, 'Covid', 1, 1, 6),
(1424, 'C', 4, 'Covid', 1, 1, 6),
(1425, 'C', 5, 'Available', 1, 1, 6),
(1426, 'C', 6, 'Available', 1, 1, 6),
(1427, 'C', 7, 'Covid', 1, 1, 6),
(1428, 'C', 8, 'Covid', 1, 1, 6),
(1429, 'C', 9, 'Available', 1, 1, 6),
(1430, 'C', 10, 'Available', 1, 1, 6),
(1431, 'D', 1, 'Covid', 1, 1, 6),
(1432, 'D', 2, 'Covid', 1, 1, 6),
(1433, 'D', 3, 'Available', 1, 1, 6),
(1434, 'D', 4, 'Available', 1, 1, 6),
(1435, 'D', 5, 'Covid', 1, 1, 6),
(1436, 'D', 6, 'Covid', 1, 1, 6),
(1437, 'D', 7, 'Available', 1, 1, 6),
(1438, 'D', 8, 'Available', 1, 1, 6),
(1439, 'D', 9, 'Covid', 1, 1, 6),
(1440, 'D', 10, 'Covid', 1, 1, 6),
(1441, 'A', 1, 'Available', 1, 2, 6),
(1442, 'A', 2, 'Available', 1, 2, 6),
(1443, 'A', 3, 'Covid', 1, 2, 6),
(1444, 'A', 4, 'Covid', 1, 2, 6),
(1445, 'A', 5, 'Available', 1, 2, 6),
(1446, 'A', 6, 'Available', 1, 2, 6),
(1447, 'A', 7, 'Covid', 1, 2, 6),
(1448, 'A', 8, 'Covid', 1, 2, 6),
(1449, 'A', 9, 'Available', 1, 2, 6),
(1450, 'A', 10, 'Available', 1, 2, 6),
(1451, 'B', 1, 'Covid', 1, 2, 6),
(1452, 'B', 2, 'Covid', 1, 2, 6),
(1453, 'B', 3, 'Available', 1, 2, 6),
(1454, 'B', 4, 'Available', 1, 2, 6),
(1455, 'B', 5, 'Covid', 1, 2, 6),
(1456, 'B', 6, 'Covid', 1, 2, 6),
(1457, 'B', 7, 'Available', 1, 2, 6),
(1458, 'B', 8, 'Available', 1, 2, 6),
(1459, 'B', 9, 'Covid', 1, 2, 6),
(1460, 'B', 10, 'Covid', 1, 2, 6),
(1461, 'C', 1, 'Available', 1, 2, 6),
(1462, 'C', 2, 'Available', 1, 2, 6),
(1463, 'C', 3, 'Covid', 1, 2, 6),
(1464, 'C', 4, 'Covid', 1, 2, 6),
(1465, 'C', 5, 'Available', 1, 2, 6),
(1466, 'C', 6, 'Available', 1, 2, 6),
(1467, 'C', 7, 'Covid', 1, 2, 6),
(1468, 'C', 8, 'Covid', 1, 2, 6),
(1469, 'C', 9, 'Available', 1, 2, 6),
(1470, 'C', 10, 'Available', 1, 2, 6),
(1471, 'D', 1, 'Covid', 1, 2, 6),
(1472, 'D', 2, 'Covid', 1, 2, 6),
(1473, 'D', 3, 'Available', 1, 2, 6),
(1474, 'D', 4, 'Available', 1, 2, 6),
(1475, 'D', 5, 'Covid', 1, 2, 6),
(1476, 'D', 6, 'Covid', 1, 2, 6),
(1477, 'D', 7, 'Available', 1, 2, 6),
(1478, 'D', 8, 'Available', 1, 2, 6),
(1479, 'D', 9, 'Covid', 1, 2, 6),
(1480, 'D', 10, 'Covid', 1, 2, 6),
(1481, 'A', 1, 'Occupied', 1, 3, 6),
(1482, 'A', 2, 'Available', 1, 3, 6),
(1483, 'A', 3, 'Covid', 1, 3, 6),
(1484, 'A', 4, 'Covid', 1, 3, 6),
(1485, 'A', 5, 'Available', 1, 3, 6),
(1486, 'A', 6, 'Occupied', 1, 3, 6),
(1487, 'A', 7, 'Covid', 1, 3, 6),
(1488, 'A', 8, 'Covid', 1, 3, 6),
(1489, 'A', 9, 'Occupied', 1, 3, 6),
(1490, 'A', 10, 'Occupied', 1, 3, 6),
(1491, 'B', 1, 'Covid', 1, 3, 6),
(1492, 'B', 2, 'Covid', 1, 3, 6),
(1493, 'B', 3, 'Occupied', 1, 3, 6),
(1494, 'B', 4, 'Occupied', 1, 3, 6),
(1495, 'B', 5, 'Covid', 1, 3, 6),
(1496, 'B', 6, 'Covid', 1, 3, 6),
(1497, 'B', 7, 'Available', 1, 3, 6);
INSERT INTO `Seats` (`Id`, `Rows`, `Columns`, `States`, `LocationId`, `MovieId`, `SessionId`) VALUES
(1498, 'B', 8, 'Occupied', 1, 3, 6),
(1499, 'B', 9, 'Covid', 1, 3, 6),
(1500, 'B', 10, 'Covid', 1, 3, 6),
(1501, 'C', 1, 'Occupied', 1, 3, 6),
(1502, 'C', 2, 'Available', 1, 3, 6),
(1503, 'C', 3, 'Covid', 1, 3, 6),
(1504, 'C', 4, 'Covid', 1, 3, 6),
(1505, 'C', 5, 'Occupied', 1, 3, 6),
(1506, 'C', 6, 'Occupied', 1, 3, 6),
(1507, 'C', 7, 'Covid', 1, 3, 6),
(1508, 'C', 8, 'Covid', 1, 3, 6),
(1509, 'C', 9, 'Available', 1, 3, 6),
(1510, 'C', 10, 'Occupied', 1, 3, 6),
(1511, 'D', 1, 'Covid', 1, 3, 6),
(1512, 'D', 2, 'Covid', 1, 3, 6),
(1513, 'D', 3, 'Occupied', 1, 3, 6),
(1514, 'D', 4, 'Occupied', 1, 3, 6),
(1515, 'D', 5, 'Covid', 1, 3, 6),
(1516, 'D', 6, 'Covid', 1, 3, 6),
(1517, 'D', 7, 'Occupied', 1, 3, 6),
(1518, 'D', 8, 'Occupied', 1, 3, 6),
(1519, 'D', 9, 'Covid', 1, 3, 6),
(1520, 'D', 10, 'Covid', 1, 3, 6),
(1521, 'A', 1, 'Available', 1, 4, 6),
(1522, 'A', 2, 'Available', 1, 4, 6),
(1523, 'A', 3, 'Covid', 1, 4, 6),
(1524, 'A', 4, 'Covid', 1, 4, 6),
(1525, 'A', 5, 'Available', 1, 4, 6),
(1526, 'A', 6, 'Available', 1, 4, 6),
(1527, 'A', 7, 'Covid', 1, 4, 6),
(1528, 'A', 8, 'Covid', 1, 4, 6),
(1529, 'A', 9, 'Available', 1, 4, 6),
(1530, 'A', 10, 'Available', 1, 4, 6),
(1531, 'B', 1, 'Covid', 1, 4, 6),
(1532, 'B', 2, 'Covid', 1, 4, 6),
(1533, 'B', 3, 'Available', 1, 4, 6),
(1534, 'B', 4, 'Available', 1, 4, 6),
(1535, 'B', 5, 'Covid', 1, 4, 6),
(1536, 'B', 6, 'Covid', 1, 4, 6),
(1537, 'B', 7, 'Available', 1, 4, 6),
(1538, 'B', 8, 'Available', 1, 4, 6),
(1539, 'B', 9, 'Covid', 1, 4, 6),
(1540, 'B', 10, 'Covid', 1, 4, 6),
(1541, 'C', 1, 'Available', 1, 4, 6),
(1542, 'C', 2, 'Available', 1, 4, 6),
(1543, 'C', 3, 'Covid', 1, 4, 6),
(1544, 'C', 4, 'Covid', 1, 4, 6),
(1545, 'C', 5, 'Available', 1, 4, 6),
(1546, 'C', 6, 'Available', 1, 4, 6),
(1547, 'C', 7, 'Covid', 1, 4, 6),
(1548, 'C', 8, 'Covid', 1, 4, 6),
(1549, 'C', 9, 'Available', 1, 4, 6),
(1550, 'C', 10, 'Available', 1, 4, 6),
(1551, 'D', 1, 'Covid', 1, 4, 6),
(1552, 'D', 2, 'Covid', 1, 4, 6),
(1553, 'D', 3, 'Available', 1, 4, 6),
(1554, 'D', 4, 'Available', 1, 4, 6),
(1555, 'D', 5, 'Covid', 1, 4, 6),
(1556, 'D', 6, 'Covid', 1, 4, 6),
(1557, 'D', 7, 'Available', 1, 4, 6),
(1558, 'D', 8, 'Available', 1, 4, 6),
(1559, 'D', 9, 'Covid', 1, 4, 6),
(1560, 'D', 10, 'Covid', 1, 4, 6),
(1561, 'A', 1, 'Available', 1, 5, 6),
(1562, 'A', 2, 'Available', 1, 5, 6),
(1563, 'A', 3, 'Covid', 1, 5, 6),
(1564, 'A', 4, 'Covid', 1, 5, 6),
(1565, 'A', 5, 'Available', 1, 5, 6),
(1566, 'A', 6, 'Available', 1, 5, 6),
(1567, 'A', 7, 'Covid', 1, 5, 6),
(1568, 'A', 8, 'Covid', 1, 5, 6),
(1569, 'A', 9, 'Available', 1, 5, 6),
(1570, 'A', 10, 'Available', 1, 5, 6),
(1571, 'B', 1, 'Covid', 1, 5, 6),
(1572, 'B', 2, 'Covid', 1, 5, 6),
(1573, 'B', 3, 'Available', 1, 5, 6),
(1574, 'B', 4, 'Available', 1, 5, 6),
(1575, 'B', 5, 'Covid', 1, 5, 6),
(1576, 'B', 6, 'Covid', 1, 5, 6),
(1577, 'B', 7, 'Available', 1, 5, 6),
(1578, 'B', 8, 'Available', 1, 5, 6),
(1579, 'B', 9, 'Covid', 1, 5, 6),
(1580, 'B', 10, 'Covid', 1, 5, 6),
(1581, 'C', 1, 'Available', 1, 5, 6),
(1582, 'C', 2, 'Available', 1, 5, 6),
(1583, 'C', 3, 'Covid', 1, 5, 6),
(1584, 'C', 4, 'Covid', 1, 5, 6),
(1585, 'C', 5, 'Available', 1, 5, 6),
(1586, 'C', 6, 'Available', 1, 5, 6),
(1587, 'C', 7, 'Covid', 1, 5, 6),
(1588, 'C', 8, 'Covid', 1, 5, 6),
(1589, 'C', 9, 'Available', 1, 5, 6),
(1590, 'C', 10, 'Available', 1, 5, 6),
(1591, 'D', 1, 'Covid', 1, 5, 6),
(1592, 'D', 2, 'Covid', 1, 5, 6),
(1593, 'D', 3, 'Available', 1, 5, 6),
(1594, 'D', 4, 'Available', 1, 5, 6),
(1595, 'D', 5, 'Covid', 1, 5, 6),
(1596, 'D', 6, 'Covid', 1, 5, 6),
(1597, 'D', 7, 'Available', 1, 5, 6),
(1598, 'D', 8, 'Available', 1, 5, 6),
(1599, 'D', 9, 'Covid', 1, 5, 6),
(1600, 'D', 10, 'Covid', 1, 5, 6),
(1601, 'A', 1, 'Available', 1, 1, 9),
(1602, 'A', 2, 'Available', 1, 1, 9),
(1603, 'A', 3, 'Covid', 1, 1, 9),
(1604, 'A', 4, 'Covid', 1, 1, 9),
(1605, 'A', 5, 'Available', 1, 1, 9),
(1606, 'A', 6, 'Available', 1, 1, 9),
(1607, 'A', 7, 'Covid', 1, 1, 9),
(1608, 'A', 8, 'Covid', 1, 1, 9),
(1609, 'A', 9, 'Available', 1, 1, 9),
(1610, 'A', 10, 'Available', 1, 1, 9),
(1611, 'B', 1, 'Covid', 1, 1, 9),
(1612, 'B', 2, 'Covid', 1, 1, 9),
(1613, 'B', 3, 'Available', 1, 1, 9),
(1614, 'B', 4, 'Available', 1, 1, 9),
(1615, 'B', 5, 'Covid', 1, 1, 9),
(1616, 'B', 6, 'Covid', 1, 1, 9),
(1617, 'B', 7, 'Available', 1, 1, 9),
(1618, 'B', 8, 'Available', 1, 1, 9),
(1619, 'B', 9, 'Covid', 1, 1, 9),
(1620, 'B', 10, 'Covid', 1, 1, 9),
(1621, 'C', 1, 'Available', 1, 1, 9),
(1622, 'C', 2, 'Available', 1, 1, 9),
(1623, 'C', 3, 'Covid', 1, 1, 9),
(1624, 'C', 4, 'Covid', 1, 1, 9),
(1625, 'C', 5, 'Available', 1, 1, 9),
(1626, 'C', 6, 'Available', 1, 1, 9),
(1627, 'C', 7, 'Covid', 1, 1, 9),
(1628, 'C', 8, 'Covid', 1, 1, 9),
(1629, 'C', 9, 'Available', 1, 1, 9),
(1630, 'C', 10, 'Available', 1, 1, 9),
(1631, 'D', 1, 'Covid', 1, 1, 9),
(1632, 'D', 2, 'Covid', 1, 1, 9),
(1633, 'D', 3, 'Available', 1, 1, 9),
(1634, 'D', 4, 'Available', 1, 1, 9),
(1635, 'D', 5, 'Covid', 1, 1, 9),
(1636, 'D', 6, 'Covid', 1, 1, 9),
(1637, 'D', 7, 'Available', 1, 1, 9),
(1638, 'D', 8, 'Available', 1, 1, 9),
(1639, 'D', 9, 'Covid', 1, 1, 9),
(1640, 'D', 10, 'Covid', 1, 1, 9),
(1641, 'A', 1, 'Available', 1, 2, 9),
(1642, 'A', 2, 'Available', 1, 2, 9),
(1643, 'A', 3, 'Covid', 1, 2, 9),
(1644, 'A', 4, 'Covid', 1, 2, 9),
(1645, 'A', 5, 'Available', 1, 2, 9),
(1646, 'A', 6, 'Available', 1, 2, 9),
(1647, 'A', 7, 'Covid', 1, 2, 9),
(1648, 'A', 8, 'Covid', 1, 2, 9),
(1649, 'A', 9, 'Available', 1, 2, 9),
(1650, 'A', 10, 'Available', 1, 2, 9),
(1651, 'B', 1, 'Covid', 1, 2, 9),
(1652, 'B', 2, 'Covid', 1, 2, 9),
(1653, 'B', 3, 'Available', 1, 2, 9),
(1654, 'B', 4, 'Available', 1, 2, 9),
(1655, 'B', 5, 'Covid', 1, 2, 9),
(1656, 'B', 6, 'Covid', 1, 2, 9),
(1657, 'B', 7, 'Available', 1, 2, 9),
(1658, 'B', 8, 'Available', 1, 2, 9),
(1659, 'B', 9, 'Covid', 1, 2, 9),
(1660, 'B', 10, 'Covid', 1, 2, 9),
(1661, 'C', 1, 'Available', 1, 2, 9),
(1662, 'C', 2, 'Available', 1, 2, 9),
(1663, 'C', 3, 'Covid', 1, 2, 9),
(1664, 'C', 4, 'Covid', 1, 2, 9),
(1665, 'C', 5, 'Available', 1, 2, 9),
(1666, 'C', 6, 'Available', 1, 2, 9),
(1667, 'C', 7, 'Covid', 1, 2, 9),
(1668, 'C', 8, 'Covid', 1, 2, 9),
(1669, 'C', 9, 'Available', 1, 2, 9),
(1670, 'C', 10, 'Available', 1, 2, 9),
(1671, 'D', 1, 'Covid', 1, 2, 9),
(1672, 'D', 2, 'Covid', 1, 2, 9),
(1673, 'D', 3, 'Available', 1, 2, 9),
(1674, 'D', 4, 'Available', 1, 2, 9),
(1675, 'D', 5, 'Covid', 1, 2, 9),
(1676, 'D', 6, 'Covid', 1, 2, 9),
(1677, 'D', 7, 'Available', 1, 2, 9),
(1678, 'D', 8, 'Available', 1, 2, 9),
(1679, 'D', 9, 'Covid', 1, 2, 9),
(1680, 'D', 10, 'Covid', 1, 2, 9),
(1681, 'A', 1, 'Available', 1, 3, 9),
(1682, 'A', 2, 'Available', 1, 3, 9),
(1683, 'A', 3, 'Covid', 1, 3, 9),
(1684, 'A', 4, 'Covid', 1, 3, 9),
(1685, 'A', 5, 'Available', 1, 3, 9),
(1686, 'A', 6, 'Available', 1, 3, 9),
(1687, 'A', 7, 'Covid', 1, 3, 9),
(1688, 'A', 8, 'Covid', 1, 3, 9),
(1689, 'A', 9, 'Available', 1, 3, 9),
(1690, 'A', 10, 'Available', 1, 3, 9),
(1691, 'B', 1, 'Covid', 1, 3, 9),
(1692, 'B', 2, 'Covid', 1, 3, 9),
(1693, 'B', 3, 'Available', 1, 3, 9),
(1694, 'B', 4, 'Available', 1, 3, 9),
(1695, 'B', 5, 'Covid', 1, 3, 9),
(1696, 'B', 6, 'Covid', 1, 3, 9),
(1697, 'B', 7, 'Available', 1, 3, 9),
(1698, 'B', 8, 'Available', 1, 3, 9),
(1699, 'B', 9, 'Covid', 1, 3, 9),
(1700, 'B', 10, 'Covid', 1, 3, 9),
(1701, 'C', 1, 'Available', 1, 3, 9),
(1702, 'C', 2, 'Available', 1, 3, 9),
(1703, 'C', 3, 'Covid', 1, 3, 9),
(1704, 'C', 4, 'Covid', 1, 3, 9),
(1705, 'C', 5, 'Available', 1, 3, 9),
(1706, 'C', 6, 'Available', 1, 3, 9),
(1707, 'C', 7, 'Covid', 1, 3, 9),
(1708, 'C', 8, 'Covid', 1, 3, 9),
(1709, 'C', 9, 'Available', 1, 3, 9),
(1710, 'C', 10, 'Available', 1, 3, 9),
(1711, 'D', 1, 'Covid', 1, 3, 9),
(1712, 'D', 2, 'Covid', 1, 3, 9),
(1713, 'D', 3, 'Available', 1, 3, 9),
(1714, 'D', 4, 'Available', 1, 3, 9),
(1715, 'D', 5, 'Covid', 1, 3, 9),
(1716, 'D', 6, 'Covid', 1, 3, 9),
(1717, 'D', 7, 'Available', 1, 3, 9),
(1718, 'D', 8, 'Available', 1, 3, 9),
(1719, 'D', 9, 'Covid', 1, 3, 9),
(1720, 'D', 10, 'Covid', 1, 3, 9),
(1721, 'A', 1, 'Available', 1, 4, 9),
(1722, 'A', 2, 'Available', 1, 4, 9),
(1723, 'A', 3, 'Covid', 1, 4, 9),
(1724, 'A', 4, 'Covid', 1, 4, 9),
(1725, 'A', 5, 'Available', 1, 4, 9),
(1726, 'A', 6, 'Available', 1, 4, 9),
(1727, 'A', 7, 'Covid', 1, 4, 9),
(1728, 'A', 8, 'Covid', 1, 4, 9),
(1729, 'A', 9, 'Available', 1, 4, 9),
(1730, 'A', 10, 'Available', 1, 4, 9),
(1731, 'B', 1, 'Covid', 1, 4, 9),
(1732, 'B', 2, 'Covid', 1, 4, 9),
(1733, 'B', 3, 'Available', 1, 4, 9),
(1734, 'B', 4, 'Available', 1, 4, 9),
(1735, 'B', 5, 'Covid', 1, 4, 9),
(1736, 'B', 6, 'Covid', 1, 4, 9),
(1737, 'B', 7, 'Available', 1, 4, 9),
(1738, 'B', 8, 'Available', 1, 4, 9),
(1739, 'B', 9, 'Covid', 1, 4, 9),
(1740, 'B', 10, 'Covid', 1, 4, 9),
(1741, 'C', 1, 'Available', 1, 4, 9),
(1742, 'C', 2, 'Available', 1, 4, 9),
(1743, 'C', 3, 'Covid', 1, 4, 9),
(1744, 'C', 4, 'Covid', 1, 4, 9),
(1745, 'C', 5, 'Available', 1, 4, 9),
(1746, 'C', 6, 'Available', 1, 4, 9),
(1747, 'C', 7, 'Covid', 1, 4, 9),
(1748, 'C', 8, 'Covid', 1, 4, 9),
(1749, 'C', 9, 'Available', 1, 4, 9),
(1750, 'C', 10, 'Available', 1, 4, 9),
(1751, 'D', 1, 'Covid', 1, 4, 9),
(1752, 'D', 2, 'Covid', 1, 4, 9),
(1753, 'D', 3, 'Available', 1, 4, 9),
(1754, 'D', 4, 'Available', 1, 4, 9),
(1755, 'D', 5, 'Covid', 1, 4, 9),
(1756, 'D', 6, 'Covid', 1, 4, 9),
(1757, 'D', 7, 'Available', 1, 4, 9),
(1758, 'D', 8, 'Available', 1, 4, 9),
(1759, 'D', 9, 'Covid', 1, 4, 9),
(1760, 'D', 10, 'Covid', 1, 4, 9),
(1761, 'A', 1, 'Available', 1, 5, 9),
(1762, 'A', 2, 'Available', 1, 5, 9),
(1763, 'A', 3, 'Covid', 1, 5, 9),
(1764, 'A', 4, 'Covid', 1, 5, 9),
(1765, 'A', 5, 'Available', 1, 5, 9),
(1766, 'A', 6, 'Available', 1, 5, 9),
(1767, 'A', 7, 'Covid', 1, 5, 9),
(1768, 'A', 8, 'Covid', 1, 5, 9),
(1769, 'A', 9, 'Available', 1, 5, 9),
(1770, 'A', 10, 'Available', 1, 5, 9),
(1771, 'B', 1, 'Covid', 1, 5, 9),
(1772, 'B', 2, 'Covid', 1, 5, 9),
(1773, 'B', 3, 'Available', 1, 5, 9),
(1774, 'B', 4, 'Available', 1, 5, 9),
(1775, 'B', 5, 'Covid', 1, 5, 9),
(1776, 'B', 6, 'Covid', 1, 5, 9),
(1777, 'B', 7, 'Available', 1, 5, 9),
(1778, 'B', 8, 'Available', 1, 5, 9),
(1779, 'B', 9, 'Covid', 1, 5, 9),
(1780, 'B', 10, 'Covid', 1, 5, 9),
(1781, 'C', 1, 'Available', 1, 5, 9),
(1782, 'C', 2, 'Available', 1, 5, 9),
(1783, 'C', 3, 'Covid', 1, 5, 9),
(1784, 'C', 4, 'Covid', 1, 5, 9),
(1785, 'C', 5, 'Available', 1, 5, 9),
(1786, 'C', 6, 'Available', 1, 5, 9),
(1787, 'C', 7, 'Covid', 1, 5, 9),
(1788, 'C', 8, 'Covid', 1, 5, 9),
(1789, 'C', 9, 'Available', 1, 5, 9),
(1790, 'C', 10, 'Available', 1, 5, 9),
(1791, 'D', 1, 'Covid', 1, 5, 9),
(1792, 'D', 2, 'Covid', 1, 5, 9),
(1793, 'D', 3, 'Available', 1, 5, 9),
(1794, 'D', 4, 'Available', 1, 5, 9),
(1795, 'D', 5, 'Covid', 1, 5, 9),
(1796, 'D', 6, 'Covid', 1, 5, 9),
(1797, 'D', 7, 'Available', 1, 5, 9),
(1798, 'D', 8, 'Available', 1, 5, 9),
(1799, 'D', 9, 'Covid', 1, 5, 9),
(1800, 'D', 10, 'Covid', 1, 5, 9);

-- --------------------------------------------------------

--
-- Table structure for table `Session`
--

CREATE TABLE IF NOT EXISTS `Session` (
  `Id` int(40) NOT NULL AUTO_INCREMENT,
  `Day` varchar(40) NOT NULL,
  `Time` varchar(40) NOT NULL,
  `DayThreeLetter` varchar(40) NOT NULL,
  PRIMARY KEY (`Id`)
) ENGINE=InnoDB  DEFAULT CHARSET=latin1 AUTO_INCREMENT=16 ;

--
-- Dumping data for table `Session`
--

INSERT INTO `Session` (`Id`, `Day`, `Time`, `DayThreeLetter`) VALUES
(1, 'Monday', '10.00am', 'Mon'),
(2, 'Monday', '1.00pm', 'Mon'),
(3, 'Monday', '6.00pm', 'Mon'),
(4, 'Tuesday', '10.00am', 'Tue'),
(5, 'Tuesday', '1.00pm', 'Tue'),
(6, 'Tuesday', '6.00pm', 'Tue'),
(7, 'Wednesday', '10.00am', 'Wed'),
(8, 'Wednesday', '1.00pm', 'Wed'),
(9, 'Wednesday', '6.00pm', 'Wed'),
(10, 'Thursday', '10.00am', 'Thurs'),
(11, 'Thursday', '1.00pm', 'Thurs'),
(12, 'Thursday', '6.00pm', 'Thurs'),
(13, 'Friday', '10.00am', 'Fri'),
(14, 'Friday', '1.00pm', 'Fri'),
(15, 'Friday', '6.00pm', 'Fri');

-- --------------------------------------------------------

--
-- Table structure for table `User`
--

CREATE TABLE IF NOT EXISTS `User` (
  `Id` int(11) NOT NULL AUTO_INCREMENT,
  `Name` text NOT NULL,
  `Email` varchar(255) NOT NULL,
  `PhoneNumber` char(8) NOT NULL,
  `Password` char(32) NOT NULL,
  PRIMARY KEY (`Id`),
  UNIQUE KEY `Email` (`Email`)
) ENGINE=InnoDB  DEFAULT CHARSET=latin1 AUTO_INCREMENT=21 ;

--
-- Dumping data for table `User`
--

INSERT INTO `User` (`Id`, `Name`, `Email`, `PhoneNumber`, `Password`) VALUES
(16, 'Wei Ren Lee', 'weiren@gmail.com', '97728502', 'bef8e59fdee3b8ef28352b5fc39b5861'),
(20, 'Test987', 'test987@gmail.com', '98765432', '12bce374e7be15142e8172f668da00d8');

--
-- Constraints for dumped tables
--

--
-- Constraints for table `Photo`
--
ALTER TABLE `Photo`
  ADD CONSTRAINT `Photo_ibfk_1` FOREIGN KEY (`MovieDetailId`) REFERENCES `Movies` (`Id`);

/*!40101 SET CHARACTER_SET_CLIENT=@OLD_CHARACTER_SET_CLIENT */;
/*!40101 SET CHARACTER_SET_RESULTS=@OLD_CHARACTER_SET_RESULTS */;
/*!40101 SET COLLATION_CONNECTION=@OLD_COLLATION_CONNECTION */;
